comment_id,note_id,content,content_clean,comment_time,hour,date,weekday,nickname,ip_location,like_count,sub_comment_count,content_length,content_clean_length,is_empty,is_root_comment,has_picture,parent_comment_id
69b405d4000000001d00abfd,69b40469000000001a02f5a0,喜欢可以灌注一下！会长期更新 鸣潮超清混剪 ～,喜欢可以灌注一下！会长期更新 鸣潮超清混剪 ～,2026-03-13 12:40:52,12,2026-03-13,Friday,林烟不是大佬,四川,39,1,23,23,0,1,0,0
69b63b53000000000f019f3b,69b40469000000001a02f5a0,好🉑爱呀 但是我听说鸣潮剧情有点龙傲天 有点纠结要不要入坑,好🉑爱呀 但是我听说鸣潮剧情有点龙傲天 有点纠结要不要入坑,2026-03-15 04:53:41,4,2026-03-15,Sunday,八爪章章,湖南,48,24,29,29,0,1,1,0
69b51f15000000000c03216b,69b40469000000001a02f5a0,太萌了[捂脸R]但是听说鸣潮很多女角色衣服很露，一直在纠结要不要入坑[哭惹R],太萌了但是听说鸣潮很多女角色衣服很露，一直在纠结要不要入坑,2026-03-14 08:40:53,8,2026-03-14,Saturday,小七,湖南,96,20,39,29,0,1,0,0
69bd2f33000000000d034390,69b40469000000001a02f5a0,已经为了此女入坑了 但是我感觉鸣潮的战斗好难[哭惹R][哭惹R],已经为了此女入坑了 但是我感觉鸣潮的战斗好难,2026-03-20 11:27:47,11,2026-03-20,Friday,惊羽弦,浙江,0,0,32,22,0,1,0,0
69b5b6460000000002028932,69b40469000000001a02f5a0,好萌好萌，鸣的建模好好看，但是因为剧情在纠结要不要入坑[叹气R],好萌好萌，鸣的建模好好看，但是因为剧情在纠结要不要入坑,2026-03-14 19:26:01,19,2026-03-14,Saturday,从不早睡（大虾🍤版）,江苏,40,17,32,27,0,1,1,0
69bc44d500000000020360c9,69b40469000000001a02f5a0,萌物[亲一个R],萌物,2026-03-19 18:47:49,18,2026-03-19,Thursday,风月过溏,浙江,0,0,8,2,0,1,0,0
69b65836000000000d034b28,69b40469000000001a02f5a0,看这个视频好心动想入坑，可惜是男性向[哭惹R]要是是大众向的就好了,看这个视频好心动想入坑，可惜是男性向要是是大众向的就好了,2026-03-15 06:56:54,6,2026-03-15,Sunday,嘟ovo,北京,6,9,33,28,0,1,0,0
69bc6f360000000014008a56,69b40469000000001a02f5a0,剪得不错[举手R],剪得不错,2026-03-19 21:48:38,21,2026-03-19,Thursday,小梨的舒适工位日记,广东,0,0,9,4,0,1,0,0
69b4d795000000000d03648b,69b40469000000001a02f5a0,太可爱啦宝宝[黄金薯R],太可爱啦宝宝,2026-03-14 03:35:50,3,2026-03-14,Saturday,不想上早八,江西,63,2,12,6,0,1,1,0
69bbddce0000000015007c39,69b40469000000001a02f5a0,@🆔cn桉妤 @小三 @桉妤 @优雅 这个好萌，我要去玩鸣潮[生气R][生气R],这个好萌，我要去玩鸣潮,2026-03-19 11:28:14,11,2026-03-19,Thursday,Venti重度依赖^,重庆,0,0,40,11,0,1,0,0
69b5182a0000000018038ea7,69b40469000000001a02f5a0,就是…不玩游戏可以推吗？我是圈外人但是看到这个角色感觉好戳我！服饰好好看而且辫子超有设计感唉！！[玫瑰R],就是…不玩游戏可以推吗？我是圈外人但是看到这个角色感觉好戳我！服饰好好看而且辫子超有设计感唉！！,2026-03-14 08:11:23,8,2026-03-14,Saturday,...,甘肃,17,4,53,48,0,1,0,0
69bbfb8d0000000015001323,69b40469000000001a02f5a0,厉害666,厉害666,2026-03-19 13:35:10,13,2026-03-19,Thursday,Corner🍹·Frame🌸,广东,0,0,5,5,0,1,0,0
69b40b98000000000d03f90b,69b40469000000001a02f5a0,已死的心又动了,已死的心又动了,2026-03-13 13:05:29,13,2026-03-13,Friday,不知道s,湖南,77,6,7,7,0,1,0,0
69b62ce60000000015012f12,69b40469000000001a02f5a0,天呐这个妹妹好萌[完啦R]问问这个妹妹是自机角色可抽的吗，剧情刀吗，想入坑,天呐这个妹妹好萌问问这个妹妹是自机角色可抽的吗，剧情刀吗，想入坑,2026-03-15 03:52:06,3,2026-03-15,Sunday,疲惫的蓝灰色枕头432582,山西,1,2,37,32,0,1,0,0
69bb770b00000000050383b8,69b40469000000001a02f5a0,萌宝,萌宝,2026-03-19 04:09:47,4,2026-03-19,Thursday,沐木夏,广东,0,0,2,2,0,1,0,0
69b571de0000000009036472,69b40469000000001a02f5a0,好萌的宝宝啊，叫什么名字！,好萌的宝宝啊，叫什么名字！,2026-03-14 14:34:07,14,2026-03-14,Saturday,恰咖,贵州,0,3,13,13,0,1,0,0
69b467a30000000002029a61,69b40469000000001a02f5a0,,,2026-03-13 19:38:12,19,2026-03-13,Friday,明日复明日,天津,68,1,0,0,1,1,0,0
69b6739200000000160142d7,69b40469000000001a02f5a0,手机玩怎么样,手机玩怎么样,2026-03-15 08:53:38,8,2026-03-15,Sunday,minyu,广东,1,5,6,6,0,1,0,0
69b576d4000000000202a0b1,69b40469000000001a02f5a0,这个伤害怎么样，值得抽吗[黄金薯R]目前就只有ji炎，守岸人，千咲，卡提希亚[黄金薯R][黄金薯R]看起来好可爱,这个伤害怎么样，值得抽吗目前就只有ji炎，守岸人，千咲，卡提希亚看起来好可爱,2026-03-14 14:55:16,14,2026-03-14,Saturday,霜杀墨染樱,福建,0,2,56,38,0,1,0,0
69bbe61e000000000202894d,69b40469000000001a02f5a0,老师可以拿一段做主页视频吗，会标注的[合十R],老师可以拿一段做主页视频吗，会标注的,2026-03-19 12:03:42,12,2026-03-19,Thursday,无梦生,江苏,0,1,23,18,0,1,0,0
69b411f3000000001601789e,69b40469000000001a02f5a0,老师我想看达妮娅的[抽泣R],老师我想看达妮娅的,2026-03-13 13:32:36,13,2026-03-13,Friday,忧郁女孩在残星会,浙江,4,2,14,9,0,1,0,0
69b4c5f1000000000103ff4d,69b40469000000001a02f5a0,求背景音乐啊啊啊啊啊,求背景音乐啊啊啊啊啊,2026-03-14 02:20:33,2,2026-03-14,Saturday,米螂（bilibili还我邦多利账号,重庆,2,1,10,10,0,1,0,0
69b62c62000000000d034e3a,69b40469000000001a02f5a0,啊啊啊这个真的好看诶，想入坑了,啊啊啊这个真的好看诶，想入坑了,2026-03-15 03:49:55,3,2026-03-15,Sunday,树Z纤维,广西,0,1,15,15,0,1,0,0
69b406bb0000000015004e7e,69b40469000000001a02f5a0,laufey的歌好评,laufey的歌好评,2026-03-13 12:44:43,12,2026-03-13,Friday,爱猫壬氏,海南,10,1,10,10,0,1,0,0
69b40ad5000000001802028b,69b40469000000001a02f5a0,握草几秒钟前我才放完这首歌[捂脸R][捂脸R]然后就刷到你视频了,握草几秒钟前我才放完这首歌然后就刷到你视频了,2026-03-13 13:02:14,13,2026-03-13,Friday,momo,广东,1,3,32,22,0,1,0,0
69b437c3000000000d013093,69b40469000000001a02f5a0,松伦电脑里的都未必有这么清晰[doge][流汗R],松伦电脑里的都未必有这么清晰,2026-03-13 16:13:55,16,2026-03-13,Friday,远航星,湖南,19,0,25,14,0,1,0,0
69b4cd9a0000000018022ace,69b40469000000001a02f5a0,我去，这波摄影发力了。不想抽，现在想抽了，长得好阳光呀，woc，感觉性格也好萌,我去，这波摄影发力了。不想抽，现在想抽了，长得好阳光呀，woc，感觉性格也好萌,2026-03-14 02:53:14,2,2026-03-14,Saturday,煙.,广东,1,0,39,39,0,1,0,0
69b63157000000001403006c,69b40469000000001a02f5a0,嘉然何时来的,嘉然何时来的,2026-03-15 04:11:04,4,2026-03-15,Sunday,晚风和你（已有闺）,广西,2,0,6,6,0,1,1,0
69b545a20000000003010c45,69b40469000000001a02f5a0,好萌的角色@wanderer,好萌的角色,2026-03-14 11:25:23,11,2026-03-14,Saturday,凌幽💫,广东,2,0,14,5,0,1,0,0
69b4c0ba00000000050397f3,69b40469000000001a02f5a0,我一点都不心动，我一点都不心动！🆘🙋‍♂️,我一点都不心动，我一点都不心动！🆘🙋‍♂️,2026-03-14 01:58:18,1,2026-03-14,Saturday,千叶,江苏,2,0,21,21,0,1,0,0
69b8d4f00000000018020b8c,69b8d3ca0000000022027c62,喜欢可以灌注一下！会长期更新 鸣潮超清混剪 ～,喜欢可以灌注一下！会长期更新 鸣潮超清混剪 ～,2026-03-17 04:13:37,4,2026-03-17,Tuesday,林烟不是大佬,四川,8,0,23,23,0,1,0,0
69bd7bdf000000000d03d2bb,69b8d3ca0000000022027c62,一定要我这样看吗我的脖子,一定要我这样看吗我的脖子,2026-03-20 16:54:56,16,2026-03-20,Friday,奇迹猫猫虫标配魔狼,江西,0,1,12,12,0,1,0,0
69bb9cf5000000000d03fecc,69b8d3ca0000000022027c62,喜欢这种橙色汽水的感觉[哇R]回坑，抽！[哇R]（啥时候入卡池）,喜欢这种橙色汽水的感觉回坑，抽！（啥时候入卡池）,2026-03-19 06:51:34,6,2026-03-19,Thursday,橙玖橘,重庆,33,2,32,24,0,1,0,0
69bdf2940000000015007ad9,69b8d3ca0000000022027c62,刚抽的随缘送，券码：G5BGBOYET352,刚抽的随缘送，券码：G5BGBOYET352,2026-03-21 01:21:25,1,2026-03-21,Saturday,芋糯糯的珠宝匣子,北京,0,1,22,22,0,1,1,0
69bb8dbb000000000103c7e5,69b8d3ca0000000022027c62,我去那个粉毛是谁啊好美[哇R],我去那个粉毛是谁啊好美,2026-03-19 05:46:36,5,2026-03-19,Thursday,装逼我让你飞起来,内蒙古,1,2,15,11,0,1,0,0
69bdde83000000001500bdbb,69b8d3ca0000000022027c62,兄弟这是什么画质，求解[完啦R],兄弟这是什么画质，求解,2026-03-20 23:55:47,23,2026-03-20,Friday,八神X太一,山东,0,0,16,11,0,1,0,0
69ba75fa000000000103fc39,69b8d3ca0000000022027c62,里面的另一个白发[飞吻R]女生是谁,里面的另一个白发女生是谁,2026-03-18 09:52:58,9,2026-03-18,Wednesday,北灼,湖南,0,2,17,12,0,1,0,0
69bd528e000000001400b248,69b8d3ca0000000022027c62,这是录屏还是ai啊，这么牛,这是录屏还是ai啊，这么牛,2026-03-20 13:58:39,13,2026-03-20,Friday,233,上海,0,0,13,13,0,1,0,0
69b932a60000000015007b6c,69b8d3ca0000000022027c62,老师老师音乐是什么[抽泣R][红色心形R],老师老师音乐是什么,2026-03-17 10:53:26,10,2026-03-17,Tuesday,祁钰,江西,1,2,21,9,0,1,0,0
69bce4ea00000000010068c6,69b8d3ca0000000022027c62,[心心眼R][心心眼R]噢噢噢哦哦西格莉卡好美啊，还有中间那个新的粉毛小姐是谁@Coral,噢噢噢哦哦西格莉卡好美啊，还有中间那个新的粉毛小姐是谁,2026-03-20 06:10:50,6,2026-03-20,Friday,薛定谔的沃尔玛购物袋,浙江,0,1,45,27,0,1,0,0
69bbf3a800000000090044bc,69b8d3ca0000000022027c62,明潮现在质量这么高了 跟开服的时候感觉完全不一样,明潮现在质量这么高了 跟开服的时候感觉完全不一样,2026-03-19 13:01:29,13,2026-03-19,Thursday,七夕限定冉崽,浙江,8,0,24,24,0,1,0,0
69bd257e000000000c03161a,69b8d3ca0000000022027c62,太萌了我的妈呀,太萌了我的妈呀,2026-03-20 10:46:22,10,2026-03-20,Friday,银河飞鸟,河南,0,0,7,7,0,1,0,0
69bcecb0000000000f01f5a7,69b8d3ca0000000022027c62,这么高清吗,这么高清吗,2026-03-20 06:44:00,6,2026-03-20,Friday,很呆萌吧,广东,1,0,5,5,0,1,0,0
69bcc2d00000000015013dd9,69b8d3ca0000000022027c62,宝➕你啦，🉑做朋友吗[飞吻R],宝➕你啦，🉑做朋友吗,2026-03-20 03:45:20,3,2026-03-20,Friday,小椰子🥥,河南,0,0,15,10,0,1,0,0
69bbb3680000000009004473,69b8d3ca0000000022027c62,我滴天啊……,我滴天啊……,2026-03-19 08:27:20,8,2026-03-19,Thursday,卡笔刀,贵州,2,0,6,6,0,1,0,0
69bc04830000000005038477,69b8d3ca0000000022027c62,好阳光好喜欢[哇R],好阳光好喜欢,2026-03-19 14:13:24,14,2026-03-19,Thursday,yummy,北京,0,0,10,6,0,1,0,0
69bb9333000000000c032323,69b8d3ca0000000022027c62,这个质量……炫技来的……,这个质量……炫技来的……,2026-03-19 06:09:55,6,2026-03-19,Thursday,盐哄睡,江西,2,0,12,12,0,1,0,0
69bc0b2f000000001500e832,69b8d3ca0000000022027c62,她好可爱[皱眉R]好喜欢她可可爱爱的小女孩[皱眉R],她好可爱好喜欢她可可爱爱的小女孩,2026-03-19 14:41:52,14,2026-03-19,Thursday,成利华玛,河北,0,0,26,16,0,1,1,0
69bcf7cc0000000030027040,69b8d3ca0000000022027c62,西格莉卡太权威了,西格莉卡太权威了,2026-03-20 07:31:24,7,2026-03-20,Friday,幽冥魔,广西,0,0,8,8,0,1,0,0
69ba6f08000000001500af32,69b8d3ca0000000022027c62,噢~~我的太阳~~[棒R][棒R],噢~~我的太阳~~,2026-03-18 09:23:20,9,2026-03-18,Wednesday,摩西摩西,重庆,0,0,17,9,0,1,0,0
69bab6d50000000015000d8b,69b8d3ca0000000022027c62,萌萌的 暖暖的 很安心[哇R],萌萌的 暖暖的 很安心,2026-03-18 14:29:42,14,2026-03-18,Wednesday,蓝桉.🌷,吉林,0,0,15,11,0,1,0,0
69b8d4bb0000000016017f8a,69b8d3ca0000000022027c62,太高清了[皱眉R]好看爱看,太高清了好看爱看,2026-03-17 04:12:44,4,2026-03-17,Tuesday,佚名,湖北,3,0,13,8,0,1,0,0
69bc2c90000000000d03d7fd,69b8d3ca0000000022027c62,怎么做到的！！奇迹般的画质[飞吻R],怎么做到的！！奇迹般的画质,2026-03-19 17:04:17,17,2026-03-19,Thursday,小小海星人,云南,0,0,18,13,0,1,0,0
69bb9e82000000001400b70b,69b8d3ca0000000022027c62,好高清啊，对我的眼睛非常友好[哇R],好高清啊，对我的眼睛非常友好,2026-03-19 06:58:10,6,2026-03-19,Thursday,像风走了八千里,江苏,1,0,18,14,0,1,0,0
69bbace7000000000d03ebc6,69b8d3ca0000000022027c62,太美了,太美了,2026-03-19 07:59:35,7,2026-03-19,Thursday,妞妞,河南,0,0,3,3,0,1,0,0
69b8fb7300000000020342e1,69b8d3ca0000000022027c62,你这是现场拍摄吗？那么清晰！,你这是现场拍摄吗？那么清晰！,2026-03-17 06:57:55,6,2026-03-17,Tuesday,安风知我意吹梦到茜洲,广西,3,0,14,14,0,1,0,0
69bbcc96000000000202ab93,69b8d3ca0000000022027c62,我的天 这画质太舒服啦[喝奶茶R],我的天 这画质太舒服啦,2026-03-19 10:14:46,10,2026-03-19,Thursday,*幻悦大大*,重庆,1,0,17,11,0,1,0,0
69bbcaba0000000015017238,69b8d3ca0000000022027c62,好萌[抽泣R],好萌,2026-03-19 10:06:50,10,2026-03-19,Thursday,记录绘画时,广东,0,0,7,2,0,1,0,0
69babe0f000000001400b2d3,69b8d3ca0000000022027c62,好好看！,好好看！,2026-03-18 15:00:32,15,2026-03-18,Wednesday,叶尘,云南,0,0,4,4,0,1,0,0
69bb90f60000000002036efc,69b8d3ca0000000022027c62,好萌呀[皱眉R],好萌呀,2026-03-19 06:00:23,6,2026-03-19,Thursday,Kindge,广东,0,0,8,3,0,1,0,0
69b51c0d000000000d01173b,69b517ce0000000022024bf4,话说完全看不出西格莉卡是成年人啊！感觉橘橘宝才十五六岁的样子~,话说完全看不出西格莉卡是成年人啊！感觉橘橘宝才十五六岁的样子~,2026-03-14 08:27:59,8,2026-03-14,Saturday,moka,广东,535,25,31,31,0,1,1,0
69bc9460000000001400828e,69b517ce0000000022024bf4,不玩，只是看到封面感到好奇进来的，想问一下为什么上下两张图的建模不一样呀。比如头发的多少之类的，感觉上图是玩家手里的，下图是cg之类的，但是为什么玩家的头发多一些其他地方粗糙，官方的头发少一些但更好看一点。如果是因为个人设备问题导致没有官方好的话，为什么头发又比官方多一些呢？真的只是好奇这个问题所以问问,不玩，只是看到封面感到好奇进来的，想问一下为什么上下两张图的建模不一样呀。比如头发的多少之类的，感觉上图是玩家手里的，下图是cg之类的，但是为什么玩家的头发多一些其他地方粗糙，官方的头发少一些但更好看一点。如果是因为个人设备问题导致没有官方好的话，为什么头发又比官方多一些呢？真的只是好奇这个问题所以问问,2026-03-20 00:27:12,0,2026-03-20,Friday,泊秦,湖北,4,10,152,152,0,1,0,0
69b545b6000000001d00b427,69b517ce0000000022024bf4,反耳呢，伤到了我这个嘉欣,反耳呢，伤到了我这个嘉欣,2026-03-14 11:25:43,11,2026-03-14,Saturday,。,河南,124,2,12,12,0,1,0,0
69b542ff000000000d011921,69b517ce0000000022024bf4,3.0之前全索拉里斯凑不出一个完整的家庭，3.0之后……,3.0之前全索拉里斯凑不出一个完整的家庭，3.0之后……,2026-03-14 11:14:07,11,2026-03-14,Saturday,从你他她做起,山东,61,2,28,28,0,1,0,0
69b7bf0c000000000f01fbc7,69b517ce0000000022024bf4,西格莉卡:原来残星会不是学生社团吗？？？,西格莉卡:原来残星会不是学生社团吗？？？,2026-03-16 08:27:57,8,2026-03-16,Monday,夜光虫,河南,50,2,20,20,0,1,0,0
69b52b1b00000000140099c7,69b517ce0000000022024bf4,好想抽耙耙柑，但是没有预算抽仇远怎么办[哭惹R],好想抽耙耙柑，但是没有预算抽仇远怎么办,2026-03-14 09:32:12,9,2026-03-14,Saturday,活人微亖,浙江,44,8,24,19,0,1,0,0
69b53824000000000f02d7c2,69b517ce0000000022024bf4,她跟千咲，琳奈是同学对吗,她跟千咲，琳奈是同学对吗,2026-03-14 10:27:48,10,2026-03-14,Saturday,DandyHuang,广东,24,6,12,12,0,1,0,0
69b52a1f000000001500b684,69b517ce0000000022024bf4,也不知道她的蓄意冲拳和雷欧飞踢搁哪学的，乖乖女皮下的肉搏天才可以说很反差了[doge],也不知道她的蓄意冲拳和雷欧飞踢搁哪学的，乖乖女皮下的肉搏天才可以说很反差了,2026-03-14 09:27:59,9,2026-03-14,Saturday,灰芝麻会发黑_,湖南,23,2,43,37,0,1,0,0
69b51b80000000001803934a,69b517ce0000000022024bf4,属于是那种童年的美好可以治愈一生的角色,属于是那种童年的美好可以治愈一生的角色,2026-03-14 08:25:37,8,2026-03-14,Saturday,机器猫猫想理解爱,湖北,158,1,19,19,0,1,0,0
69b5cf27000000001500fadc,69b517ce0000000022024bf4,我发现我好容易喜欢可爱又有真实烟火生活痕迹的女角色，这种父母疼爱和文化氛围给人一种角色是肉长的而不是标签堆出来的温热感。,我发现我好容易喜欢可爱又有真实烟火生活痕迹的女角色，这种父母疼爱和文化氛围给人一种角色是肉长的而不是标签堆出来的温热感。,2026-03-14 21:12:09,21,2026-03-14,Saturday,momo,山西,28,1,60,60,0,1,1,0
69b52055000000000d0360d6,69b517ce0000000022024bf4,家庭幸福的人真的哪怕成年了都有小孩子的稚气和天真在身上，因为回头就有人兜底[哭惹R],家庭幸福的人真的哪怕成年了都有小孩子的稚气和天真在身上，因为回头就有人兜底,2026-03-14 08:46:14,8,2026-03-14,Saturday,竹筱予uly（考研版）,湖北,53,0,42,37,0,1,0,0
69b521bf00000000150159cc,69b517ce0000000022024bf4,居然是难得的父母双全，家庭美满的角色,居然是难得的父母双全，家庭美满的角色,2026-03-14 08:52:15,8,2026-03-14,Saturday,金玉满堂,福建,40,0,18,18,0,1,0,0
69b54230000000000d01070c,69b517ce0000000022024bf4,这表情看一次笑一次,这表情看一次笑一次,2026-03-14 11:10:42,11,2026-03-14,Saturday,正 在 加 载...,河北,21,1,9,9,0,1,1,0
69b67a350000000002034622,69b517ce0000000022024bf4,小橘子🍊被一群大橘子爱着。。[皱眉R],小橘子🍊被一群大橘子爱着。。,2026-03-15 09:21:57,9,2026-03-15,Sunday,梧桐叶🍏,广东,6,0,19,14,0,1,0,0
69b5249700000000180222e9,69b517ce0000000022024bf4,东北姑娘[笑哭R],东北姑娘,2026-03-14 09:04:23,9,2026-03-14,Saturday,轻度失眠,黑龙江,19,1,9,4,0,1,0,0
69bc6f2600000000140089f1,69b517ce0000000022024bf4,实际年龄还是未成年啦，只是少数民族有自己的成年礼[捂脸R],实际年龄还是未成年啦，只是少数民族有自己的成年礼,2026-03-19 21:48:23,21,2026-03-19,Thursday,tacamaI,上海,1,0,29,24,0,1,0,0
69babb62000000000f019eb8,69b517ce0000000022024bf4,父母健在，好少见,父母健在，好少见,2026-03-18 14:49:07,14,2026-03-18,Wednesday,刻kk,江苏,1,0,8,8,0,1,0,0
69b6d03d0000000009005f78,69b517ce0000000022024bf4,耙耙柑真的太可爱了[皱眉R]好想知道小橘子橘橘宝这些名字都是这么来的呀！潮友们的造梗能力真是一等一的,耙耙柑真的太可爱了好想知道小橘子橘橘宝这些名字都是这么来的呀！潮友们的造梗能力真是一等一的,2026-03-15 15:29:02,15,2026-03-15,Sunday,无机盐,安徽,1,1,50,45,0,1,0,0
69bb8e64000000000103e343,69b517ce0000000022024bf4,是幸福的耙耙柑[完啦R]太好了,是幸福的耙耙柑太好了,2026-03-19 05:49:25,5,2026-03-19,Thursday,迷涂零子酱,浙江,1,0,15,10,0,1,0,0
69b523b9000000001400a523,69b517ce0000000022024bf4,难得的二游如此阳光父母双全的正常家庭的孩子,难得的二游如此阳光父母双全的正常家庭的孩子,2026-03-14 09:00:41,9,2026-03-14,Saturday,晚安玛卡巴卡,四川,10,0,21,21,0,1,0,0
69b52a1b000000001101b295,69b517ce0000000022024bf4,鸣潮少数几个父母双全的[捂脸R],鸣潮少数几个父母双全的,2026-03-14 09:27:55,9,2026-03-14,Saturday,成,江西,4,0,16,11,0,1,0,0
69bbadda000000000c030588,69b517ce0000000022024bf4,好幸福的粑粑柑[点赞R],好幸福的粑粑柑,2026-03-19 08:03:38,8,2026-03-19,Thursday,深海,北京,0,0,12,7,0,1,0,0
69bbfbbd0000000016016778,69b517ce0000000022024bf4,可爱[doge],可爱,2026-03-19 13:35:57,13,2026-03-19,Thursday,Corner🍹·Frame🌸,广东,0,0,8,2,0,1,0,0
69b54f89000000000c033179,69b517ce0000000022024bf4,拥抱对于冰原人好像真的很重要，他们那个机械熊都可以进行拥抱的互动，而且一抱就会抱好久。,拥抱对于冰原人好像真的很重要，他们那个机械熊都可以进行拥抱的互动，而且一抱就会抱好久。,2026-03-14 12:07:38,12,2026-03-14,Saturday,圣伊丽莎白精神病院代理院长,四川,2,0,43,43,0,1,0,0
69b76747000000000c033ef3,69b517ce0000000022024bf4,父母健在 自己也健在 爱弥斯表示狠狠羡慕了一下,父母健在 自己也健在 爱弥斯表示狠狠羡慕了一下,2026-03-16 02:13:28,2,2026-03-16,Monday,时-黑曜,北京,1,0,23,23,0,1,0,0
69b6cc4e0000000015005aa5,69b517ce0000000022024bf4,这个真的很好看，但是我没有仇远，抽不得，抽不得[哭惹R],这个真的很好看，但是我没有仇远，抽不得，抽不得,2026-03-15 15:12:14,15,2026-03-15,Sunday,寇,山东,0,0,28,23,0,1,0,0
69b530cb000000000f02abdb,69b517ce0000000022024bf4,粑粑柑为数不多的二游正常人角色,粑粑柑为数不多的二游正常人角色,2026-03-14 09:56:27,9,2026-03-14,Saturday,飞白解失去的浮坶,浙江,4,0,15,15,0,1,0,0
69b6e93f000000000f02e028,69b517ce0000000022024bf4,二游里相对稀有的父母双全也不苦大仇深的角色（,二游里相对稀有的父母双全也不苦大仇深的角色（,2026-03-15 17:15:44,17,2026-03-15,Sunday,Ein,云南,0,0,22,22,0,1,0,0
69b8ba4a000000000202b0de,69b517ce0000000022024bf4,在mc找到一个父母双全的角色可太难了[笑哭R]，橘橘宝也算是打败绝大部分限定角色了,在mc找到一个父母双全的角色可太难了，橘橘宝也算是打败绝大部分限定角色了,2026-03-17 02:19:54,2,2026-03-17,Tuesday,milk&🍭,浙江,0,0,41,36,0,1,0,0
69b7702b00000000150124af,69b517ce0000000022024bf4,为数不多的父母双全的幸福孩子,为数不多的父母双全的幸福孩子,2026-03-16 02:51:24,2,2026-03-16,Monday,夏目,浙江,0,0,14,14,0,1,1,0
69bdf2a800000000160160be,69b04385000000001600b83e,刚抽的随缘送，券码：G5BGBOYET352,刚抽的随缘送，券码：G5BGBOYET352,2026-03-21 01:21:45,1,2026-03-21,Saturday,芋糯糯的珠宝匣子,北京,1,2,22,22,0,1,1,0
69b0c9220000000002028678,69b04385000000001600b83e,是耙耙柑不是粑粑柑……,是耙耙柑不是粑粑柑……,2026-03-11 01:45:07,1,2026-03-11,Wednesday,wy_yy,重庆,87,6,11,11,0,1,0,0
69ba6ea50000000014009a87,69b04385000000001600b83e,问问可以拿这个当头像吗？。好萌[害羞R],问问可以拿这个当头像吗？。好萌,2026-03-18 09:21:41,9,2026-03-18,Wednesday,无妄海,河南,1,2,20,15,0,1,0,0
69b77e2a0000000015009e82,69b04385000000001600b83e,老师画的超可爱[萌萌哒R][萌萌哒R],老师画的超可爱,2026-03-16 03:51:06,3,2026-03-16,Monday,落雪时再见吧,重庆,0,1,19,7,0,1,0,0
69bd3f1d000000000c032db4,69b04385000000001600b83e,可爱的猫咪,可爱的猫咪,2026-03-20 12:35:42,12,2026-03-20,Friday,ttoi001,湖北,0,0,5,5,0,1,0,0
69ba435f000000000f02e101,69b04385000000001600b83e,可爱[萌萌哒R],可爱,2026-03-18 06:17:03,6,2026-03-18,Wednesday,风遇薄荷,浙江,0,0,8,2,0,1,0,0
69bd3547000000000f025ade,69b04385000000001600b83e,可爱,可爱,2026-03-20 11:53:43,11,2026-03-20,Friday,小红薯,山东,0,0,2,2,0,1,0,0
69b6e136000000000f02d13a,69b04385000000001600b83e,好看诶,好看诶,2026-03-15 16:41:26,16,2026-03-15,Sunday,喜仙,荷兰,0,0,3,3,0,1,0,0
69bd2014000000001803b51e,69b04385000000001600b83e,橘猫！,橘猫！,2026-03-20 10:23:16,10,2026-03-20,Friday,深山老林,湖北,0,0,3,3,0,1,0,0
69b04637000000000c0335c1,69b04385000000001600b83e,宝宝你是小橘猫宝宝你是耙耙柑[色色R][色色R][色色R],宝宝你是小橘猫宝宝你是耙耙柑,2026-03-10 16:26:32,16,2026-03-10,Tuesday,蛋炒西红柿酱m,河南,3,0,29,14,0,1,1,0
69bca4f300000000050397b3,69b04385000000001600b83e,太可爱了耙耙柑[哇R],太可爱了耙耙柑,2026-03-20 01:37:56,1,2026-03-20,Friday,wowowo,山西,0,0,11,7,0,1,0,0
69b04d27000000001500077c,69b04385000000001600b83e,橘橘宝[暗中观察R],橘橘宝,2026-03-10 16:56:08,16,2026-03-10,Tuesday,糯米鱼堡,广东,0,1,10,3,0,1,0,0
69bbe0c1000000000202a0e8,69b04385000000001600b83e,我的天，这么萌[萌萌哒R],我的天，这么萌,2026-03-19 11:40:49,11,2026-03-19,Thursday,谢谢，但我什么都吃,安徽,0,0,13,7,0,1,0,0
69b04e3a0000000015002159,69b04385000000001600b83e,毛很长很多的咪,毛很长很多的咪,2026-03-10 17:00:42,17,2026-03-10,Tuesday,深海渣鱼,江苏,0,1,7,7,0,1,0,0
69bbd122000000001400ac59,69b04385000000001600b83e,超可爱啊啊啊啊,超可爱啊啊啊啊,2026-03-19 10:34:10,10,2026-03-19,Thursday,狂小贼,湖北,0,0,7,7,0,1,0,0
69b8e6a7000000001601719d,69b04385000000001600b83e,超可爱[笑哭R],超可爱,2026-03-17 05:29:11,5,2026-03-17,Tuesday,晚幕,广东,0,0,8,3,0,1,0,0
69bb7717000000000202af0b,69b04385000000001600b83e,[哇R]好萌,好萌,2026-03-19 04:10:00,4,2026-03-19,Thursday,kio,湖北,0,0,6,2,0,1,0,0
69b044ec000000000f019d52,69b04385000000001600b83e,好萌[哇R][哇R],好萌,2026-03-10 16:21:00,16,2026-03-10,Tuesday,总之先睡觉吧,广东,0,0,10,2,0,1,0,0
69bb6e730000000014008809,69b04385000000001600b83e,这太萌了！,这太萌了！,2026-03-19 03:33:08,3,2026-03-19,Thursday,Alianto,上海,0,0,5,5,0,1,0,0
69b04cfd00000000180211a5,69b04385000000001600b83e,这小东西也太萌了,这小东西也太萌了,2026-03-10 16:55:26,16,2026-03-10,Tuesday,空洞骑士全肯定bot,重庆,0,0,8,8,0,1,0,0
69b279090000000009005668,69b04385000000001600b83e,我亲,我亲,2026-03-12 08:27:53,8,2026-03-12,Thursday,T0级黑伤痕流量大王,重庆,0,0,2,2,0,1,0,0
69b2a332000000001500201c,69b04385000000001600b83e,粑粑咪[偷笑R],粑粑咪,2026-03-12 11:27:46,11,2026-03-12,Thursday,波蒂维诺堡首席水母饲养员Magel,河北,0,0,8,3,0,1,0,0
69b0d731000000001400907d,69b04385000000001600b83e,你好我捏一把,你好我捏一把,2026-03-11 02:45:06,2,2026-03-11,Wednesday,浮了。,四川,0,0,6,6,0,1,0,0
69b176d3000000000f01a275,69b04385000000001600b83e,萌啊,萌啊,2026-03-11 14:06:11,14,2026-03-11,Wednesday,momo,海南,0,0,2,2,0,1,0,0
69b586d2000000000f00ca69,69b04385000000001600b83e,宝贝。,宝贝。,2026-03-14 16:03:30,16,2026-03-14,Saturday,kuiuiuiui,浙江,0,0,3,3,0,1,0,0
69b157fa000000001101b8de,69b04385000000001600b83e,oh我可爱的橘橘宝[萌萌哒R],oh我可爱的橘橘宝,2026-03-11 11:54:35,11,2026-03-11,Wednesday,我也很无奈啊,广东,0,0,15,9,0,1,0,0
69b0df54000000000d034ae3,69b04385000000001600b83e,我吃[派对R],我吃,2026-03-11 03:19:49,3,2026-03-11,Wednesday,AAA_我不是咸鱼,北京,0,0,7,2,0,1,0,0
69b0ca580000000016016527,69b04385000000001600b83e,是耙耙柑！,是耙耙柑！,2026-03-11 01:50:17,1,2026-03-11,Wednesday,あなたがいた森,重庆,0,0,5,5,0,1,0,0
69b0b9ec00000000160147ee,69b04385000000001600b83e,太萌了太萌了！！！！,太萌了太萌了！！！！,2026-03-11 00:40:13,0,2026-03-11,Wednesday,是浆糊糊糊子,浙江,0,0,10,10,0,1,1,0
69b048560000000015009ad4,69b04385000000001600b83e,可爱捏,可爱捏,2026-03-10 16:35:34,16,2026-03-10,Tuesday,摸磨抹懡墨,四川,0,0,3,3,0,1,0,0
69bba7f2000000000d03fdc2,69bb110100000000230113cf,不好意思不好意思大家[哭惹R]，喊成粑粑柑是因为平时我是真的这么喊这个水果，完全没有注意到原来是耙耙柑……[哭惹R],不好意思不好意思大家，喊成粑粑柑是因为平时我是真的这么喊这个水果，完全没有注意到原来是耙耙柑……,2026-03-19 07:38:27,7,2026-03-19,Thursday,brs小鸟游,湖北,253,8,58,48,0,1,0,0
69bb72c700000000020344a4,69bb110100000000230113cf,这个角色叫耙耙柑吗[石化R],这个角色叫耙耙柑吗,2026-03-19 03:51:35,3,2026-03-19,Thursday,宇宙的尽头是原点嘛,北京,163,14,14,9,0,1,0,0
69bc2a1f000000000103c9c2,69bb110100000000230113cf,没看简介我以为原神出的新角色,没看简介我以为原神出的新角色,2026-03-19 16:53:51,16,2026-03-19,Thursday,o。o,广东,6,4,14,14,0,1,0,0
69bc2b130000000003011791,69bb110100000000230113cf,鸣潮的视频评论区怎么这么多人提原神呢,鸣潮的视频评论区怎么这么多人提原神呢,2026-03-19 16:57:56,16,2026-03-19,Thursday,^Jing.静竹🎋,加拿大,36,10,18,18,0,1,0,0
69bd71f20000000009034e57,69bb110100000000230113cf,真的很萌啊，本来为了周年庆角色不打算抽的，结果10抽就出了，yeah[亲一个R],真的很萌啊，本来为了周年庆角色不打算抽的，结果10抽就出了，yeah,2026-03-20 16:12:36,16,2026-03-20,Friday,言琇🍭,江苏,0,0,40,34,0,1,1,0
69bb7f6a0000000009034d0f,69bb110100000000230113cf,老库在设计角色方面真的神了,老库在设计角色方面真的神了,2026-03-19 04:45:31,4,2026-03-19,Thursday,兰香拂袖素琴奏,安徽,29,6,13,13,0,1,0,0
69bd8045000000000103dda7,69bb110100000000230113cf,希望库洛早日让我提前抽到[哭惹R],希望库洛早日让我提前抽到,2026-03-20 17:13:41,17,2026-03-20,Friday,浅,湖南,0,0,17,12,0,1,0,0
69bbb41200000000010047ac,69bb110100000000230113cf,等一下不对，这是什么游戏[石化R],等一下不对，这是什么游戏,2026-03-19 08:30:11,8,2026-03-19,Thursday,萌妹纸.美金🎀,浙江,1,11,17,12,0,1,0,0
69bb85ef000000000d013c2e,69bb110100000000230113cf,为啥要叫她耙耙柑啊，没有说耙耙柑不好的意思只是好奇这么多橙色的水果为什么选这个,为啥要叫她耙耙柑啊，没有说耙耙柑不好的意思只是好奇这么多橙色的水果为什么选这个,2026-03-19 05:13:19,5,2026-03-19,Thursday,nno,广东,6,6,39,39,0,1,0,0
69bb962b0000000003011685,69bb110100000000230113cf,耙耙柑！pa一声！[汗颜R]为什么喜欢读baba柑啊[汗颜R],耙耙柑！pa一声！为什么喜欢读baba柑啊,2026-03-19 06:22:35,6,2026-03-19,Thursday,星辰无暗,四川,47,5,31,21,0,1,0,0
69bd27ac000000000503b9f3,69bb110100000000230113cf,我玩原神，星铁，怎么办[笑哭R]有点想入坑鸣潮了，来个理由劝退我,我玩原神，星铁，怎么办有点想入坑鸣潮了，来个理由劝退我,2026-03-20 10:55:41,10,2026-03-20,Friday,Galaxy.,广东,4,1,32,27,0,1,0,0
69bbc375000000000f024148,69bb110100000000230113cf,有什么用呢，不如卡卡罗一根，看了她的强度我当场抽了个卡卡罗[黄金薯R],有什么用呢，不如卡卡罗一根，看了她的强度我当场抽了个卡卡罗,2026-03-19 09:35:49,9,2026-03-19,Thursday,白猫黑狗鼻子矮,广东,24,2,35,29,0,1,0,0
69bb7b43000000000d035535,69bb110100000000230113cf,她刚需专武吗,她刚需专武吗,2026-03-19 04:27:48,4,2026-03-19,Thursday,もも,广东,1,6,6,6,0,1,0,0
69bb672a0000000019001593,69bb110100000000230113cf,好可爱好可爱[皱眉R]但是忍住我得抽大c,好可爱好可爱但是忍住我得抽大c,2026-03-19 03:02:02,3,2026-03-19,Thursday,精神状态良好,江苏,21,7,20,15,0,1,0,0
69bba86a0000000018020ddf,69bb110100000000230113cf,想问问这个小女孩强度怎么样 有仇远的情况,想问问这个小女孩强度怎么样 有仇远的情况,2026-03-19 07:40:26,7,2026-03-19,Thursday,睡醒抱,四川,0,5,20,20,0,1,0,0
69bb939a000000000103c5e3,69bb110100000000230113cf,她是主c吗,她是主c吗,2026-03-19 06:11:39,6,2026-03-19,Thursday,努力努力的小郑,浙江,3,2,5,5,0,1,0,0
69bc0bae000000000f01f8e8,69bb110100000000230113cf,玩原崩绝的，但是鸣潮也尝试过，但是每次看到大地图好肝呀，又不想跑了，删了下删了下[捂脸R]喜欢守岸人，赞妮，仇远，嘉莉贝娜（是叫这个吧？我70歪了，但是下一抽又出了！[派对R]）这个小橘子也好可爱！之前的那个爱弥斯也很可爱！[派对R],玩原崩绝的，但是鸣潮也尝试过，但是每次看到大地图好肝呀，又不想跑了，删了下删了下喜欢守岸人，赞妮，仇远，嘉莉贝娜（是叫这个吧？我70歪了，但是下一抽又出了！）这个小橘子也好可爱！之前的那个爱弥斯也很可爱！,2026-03-19 14:43:58,14,2026-03-19,Thursday,柠檬,湖南,2,13,117,102,0,1,0,0
69bb68b80000000001007ff6,69bb110100000000230113cf,玩这个游戏的最痛苦的事：见一个爱一个,玩这个游戏的最痛苦的事：见一个爱一个,2026-03-19 03:08:40,3,2026-03-19,Thursday,しゅう,湖北,66,2,18,18,0,1,0,0
69bd11e1000000001500f721,69bb110100000000230113cf,想问问鸣潮是什么玩法，跟原神差不多吗？我也想玩原神玩家好好不好上手？,想问问鸣潮是什么玩法，跟原神差不多吗？我也想玩原神玩家好好不好上手？,2026-03-20 09:22:42,9,2026-03-20,Friday,EW,山东,0,1,34,34,0,1,0,0
69bb851b0000000009037b5d,69bb110100000000230113cf,不是臂铠吗，还玩刀啊[笑哭R][笑哭R],不是臂铠吗，还玩刀啊,2026-03-19 05:09:47,5,2026-03-19,Thursday,2.75,黑龙江,2,4,20,10,0,1,0,0
69bbcc1c000000000d037102,69bb110100000000230113cf,哇好可爱的宝宝这是什么游戏[喝奶茶R],哇好可爱的宝宝这是什么游戏,2026-03-19 10:12:44,10,2026-03-19,Thursday,皮卡兔兔,上海,5,14,19,13,0,1,0,0
69bbcd9f000000000c030eb1,69bb110100000000230113cf,加上这个十连，75抽，一辈子玩鸣潮[色色R],加上这个十连，75抽，一辈子玩鸣潮,2026-03-19 10:19:12,10,2026-03-19,Thursday,芙玖.🌷,江苏,0,2,22,17,0,1,1,0
69bb8175000000000f01b1d2,69bb110100000000230113cf,不是耙耙柑嘛，怎么变成粑粑柑了[石化R],不是耙耙柑嘛，怎么变成粑粑柑了,2026-03-19 04:54:14,4,2026-03-19,Thursday,清梦露雨,四川,7,5,20,15,0,1,0,0
69bb7dcd00000000010073d6,69bb110100000000230113cf,可是我想凑琳奈打这些队[哭惹R],可是我想凑琳奈打这些队,2026-03-19 04:38:38,4,2026-03-19,Thursday,^妮娜Nina.^,河北,0,3,16,11,0,1,0,0
69bb839e00000000150020b1,69bb110100000000230113cf,太可爱了😊决定了，抽达尼亚[飞吻R],太可爱了😊决定了，抽达尼亚,2026-03-19 05:03:27,5,2026-03-19,Thursday,猫叔(づ｡◕ᴗᴗ◕｡)づ,广东,4,1,18,13,0,1,0,0
69bb875100000000010070e7,69bb110100000000230113cf,耙耙pa，不是粑粑,耙耙pa，不是粑粑,2026-03-19 05:19:14,5,2026-03-19,Thursday,十一月,浙江,2,2,9,9,0,1,0,0
69bb815c000000001d00c197,69bb110100000000230113cf,是耙耙柑……没有粑粑柑这种说法,是耙耙柑……没有粑粑柑这种说法,2026-03-19 04:53:49,4,2026-03-19,Thursday,kitten,四川,16,1,15,15,0,1,1,0
69bcbfe6000000000d0122bc,69bb110100000000230113cf,妮露的超级无敌上位替代[自拍R],妮露的超级无敌上位替代,2026-03-20 03:32:55,3,2026-03-20,Friday,乜Cosini..,广东,2,0,16,11,0,1,0,0
69bc0ff4000000001400a58f,69bb110100000000230113cf,再让我在鸣潮视频下面刷到米学长，我就十连三金[派对R],再让我在鸣潮视频下面刷到米学长，我就十连三金,2026-03-19 15:02:13,15,2026-03-19,Thursday,毒毛花苷K,湖南,1,0,27,22,0,1,0,0
69bbbada0000000032003fd3,69bb110100000000230113cf,那不如叫橘橘宝吧，听起来更像宝贝～,那不如叫橘橘宝吧，听起来更像宝贝～,2026-03-19 08:59:07,8,2026-03-19,Thursday,Yuki RM-f,上海,2,1,17,17,0,1,0,0
69b42a150000000009004322,69b418d4000000001f0050ff,达尼亚美成啥了。。。不过绯雪看着很奇怪，有点像战双早期马脸。。不应该啊，周年庆大c为啥长这样[呃R],达尼亚美成啥了。。。不过绯雪看着很奇怪，有点像战双早期马脸。。不应该啊，周年庆大c为啥长这样,2026-03-13 15:15:34,15,2026-03-13,Friday,放手允愿妳往春天航去,贵州,377,23,50,46,0,1,0,0
69b4556f00000000160158cb,69b418d4000000001f0050ff,达妮娅我还蛮喜欢的，但既然是致敬米娅那结局……哎[叹气R],达妮娅我还蛮喜欢的，但既然是致敬米娅那结局……哎,2026-03-13 18:20:33,18,2026-03-13,Friday,Toby,湖南,30,12,29,24,0,1,1,0
69b41f7100000000150119d9,69b418d4000000001f0050ff,好想看达妮娅全身是不是爆料那个特别好看的小裙子，好喜欢那个裙子，真的很好看,好想看达妮娅全身是不是爆料那个特别好看的小裙子，好喜欢那个裙子，真的很好看,2026-03-13 14:30:09,14,2026-03-13,Friday,ysgbjk,江西,50,9,37,37,0,1,0,0
69bd692a000000000d03dfc7,69b418d4000000001f0050ff,好看好看[微笑R],好看好看,2026-03-20 15:35:07,15,2026-03-20,Friday,Corner🍹·Frame🌸,广东,0,0,9,4,0,1,0,0
69b60b14000000000103c989,69b418d4000000001f0050ff,[笑哭R]说一句可能讨骂的话，看到绯雪的画风第一时间想到的是隔壁战双，看到达妮娅一眼想到隔壁米哈游，就是莫名会关联起来,说一句可能讨骂的话，看到绯雪的画风第一时间想到的是隔壁战双，看到达妮娅一眼想到隔壁米哈游，就是莫名会关联起来,2026-03-15 01:27:48,1,2026-03-15,Sunday,Rowan_Zou,湖北,17,2,59,54,0,1,0,0
69b42ce4000000001500fb06,69b418d4000000001f0050ff,11爱10莫能不能不抽琳奈抽这个转聚爆,11爱10莫能不能不抽琳奈抽这个转聚爆,2026-03-13 15:27:32,15,2026-03-13,Friday,合守练习生,广东,5,13,19,19,0,1,0,0
69b43fb400000000090075ec,69b418d4000000001f0050ff,服了 整这么好看 但是我又不想抽千咲啊啊啊,服了 整这么好看 但是我又不想抽千咲啊啊啊,2026-03-13 16:47:48,16,2026-03-13,Friday,白日梦羊,福建,2,3,21,21,0,1,0,0
69b43e33000000000d010e0a,69b418d4000000001f0050ff,如果资源不够，走聚爆队没必要千咲，千咲进效应队顶多是锦上添花，风蚀队卡夏风也能打，后面的绯雪也是渐冻效应主c，校长可能是绯雪队友。而且千咲自己还可能是未来湮灭效应副c呢。我猜后面会专门出像莫宁，守岸人这种效应队奶的。,如果资源不够，走聚爆队没必要千咲，千咲进效应队顶多是锦上添花，风蚀队卡夏风也能打，后面的绯雪也是渐冻效应主c，校长可能是绯雪队友。而且千咲自己还可能是未来湮灭效应副c呢。我猜后面会专门出像莫宁，守岸人这种效应队奶的。,2026-03-13 16:41:24,16,2026-03-13,Friday,理水,湖北,3,3,108,108,0,1,0,0
69b41c220000000005039a0c,69b418d4000000001f0050ff,粉蓝渐变简直无敌了，美丽,粉蓝渐变简直无敌了，美丽,2026-03-13 14:16:03,14,2026-03-13,Friday,RQ碎碎子,四川,12,1,12,12,0,1,0,0
69b42c80000000000f01a4fa,69b418d4000000001f0050ff,超出预期的萌，本来就想给小爱抽队友这下更是想都不用想了[黄金薯R],超出预期的萌，本来就想给小爱抽队友这下更是想都不用想了,2026-03-13 15:25:52,15,2026-03-13,Friday,momoOmO,辽宁,6,0,33,27,0,1,0,0
69b427fa000000000202b764,69b418d4000000001f0050ff,爱弥斯不是有个身体来着，说不定这玩意就是那个残躯变出来的隧群生物,爱弥斯不是有个身体来着，说不定这玩意就是那个残躯变出来的隧群生物,2026-03-13 15:06:35,15,2026-03-13,Friday,不想学习的幻海台风,广东,3,1,32,32,0,1,0,0
69b963ae000000001802322a,69b418d4000000001f0050ff,这手套 莫不是生怕人家不怀疑她是残星会[笑哭R] 和谐吗 这手套在这一身的配色,这手套 莫不是生怕人家不怀疑她是残星会 和谐吗 这手套在这一身的配色,2026-03-17 14:22:38,14,2026-03-17,Tuesday,悠悠,西班牙,0,0,39,34,0,1,0,0
69b596530000000016016669,69b418d4000000001f0050ff,[哭惹R][哭惹R]我刚开始最期待的其实是绯雪，达妮娅一出来直接给我惊呼了，太好看了,我刚开始最期待的其实是绯雪，达妮娅一出来直接给我惊呼了，太好看了,2026-03-14 17:09:40,17,2026-03-14,Saturday,名字,山东,1,0,42,32,0,1,0,0
69b423910000000015006e3b,69b418d4000000001f0050ff,头发太精致了,头发太精致了,2026-03-13 14:47:45,14,2026-03-13,Friday,往复之鸣式,浙江,3,0,6,6,0,1,0,0
69b583b4000000000f01aed3,69b418d4000000001f0050ff,粉粉的好萌，但是想给琳奈补个三链怎么办[哭惹R],粉粉的好萌，但是想给琳奈补个三链怎么办,2026-03-14 15:50:12,15,2026-03-14,Saturday,「🈲单收藏oc相关」,福建,0,0,24,19,0,1,0,0
69b432a0000000000202a272,69b418d4000000001f0050ff,爱弥斯到时候会复刻吗,爱弥斯到时候会复刻吗,2026-03-13 15:52:01,15,2026-03-13,Friday,牛肉锅贴,山东,0,0,10,10,0,1,0,0
69b462630000000002036272,69b418d4000000001f0050ff,真的太好看了，我决定跳过小橘子了[doge],真的太好看了，我决定跳过小橘子了,2026-03-13 19:15:48,19,2026-03-13,Friday,予墨清玄,四川,1,0,22,16,0,1,0,0
69b444c7000000000f0245b4,69b418d4000000001f0050ff,真的太可爱了，上次一眼萌住我的还是菲比大人,真的太可爱了，上次一眼萌住我的还是菲比大人,2026-03-13 17:09:28,17,2026-03-13,Friday,嘻嘻嘻嘻,四川,1,0,21,21,0,1,0,0
69b583640000000015015925,69b418d4000000001f0050ff,这个粉毛建模好可爱,这个粉毛建模好可爱,2026-03-14 15:48:52,15,2026-03-14,Saturday,古顾菇,安徽,0,0,9,9,0,1,0,0
69b466ab000000001400a5c2,69b418d4000000001f0050ff,mc是怎么做到我每个角色都想抽的[抽泣R],mc是怎么做到我每个角色都想抽的,2026-03-13 19:34:04,19,2026-03-13,Friday,zz,江西,1,0,21,16,0,1,0,0
69b4c3060000000015005597,69b418d4000000001f0050ff,我的爱千在3.4等着你，两个月应该能攒出一个大保底了,我的爱千在3.4等着你，两个月应该能攒出一个大保底了,2026-03-14 02:08:07,2,2026-03-14,Saturday,susu,北京,1,0,26,26,0,1,0,0
69b4662f0000000005039d51,69b418d4000000001f0050ff,大胆点，粉毛可以是阿列夫一共鸣者[笑哭R]可以看看我的笔记达尼娅也许是阿列夫一共鸣者？...,大胆点，粉毛可以是阿列夫一共鸣者可以看看我的笔记达尼娅也许是阿列夫一共鸣者？...,2026-03-13 19:32:00,19,2026-03-13,Friday,小红薯641331E4,新疆,0,0,46,41,0,1,0,0
69bc1d9d00000000180211f8,69b418d4000000001f0050ff,[棒R],,2026-03-19 16:00:30,16,2026-03-19,Thursday,猫猫看戏💫,江苏,0,0,4,0,1,1,0,0
69b53505000000001803a985,69b418d4000000001f0050ff,@-Elva.Palmer🍁🎐 @-观月绫冰- @下四月 [doge],,2026-03-14 10:14:30,10,2026-03-14,Saturday,俞妤,重庆,0,0,35,0,1,1,0,0
69b51d570000000009036ded,69b418d4000000001f0050ff,@愚塘.,,2026-03-14 08:33:27,8,2026-03-14,Saturday,木木,河北,0,0,4,0,1,1,0,0
69b43599000000000100799e,69b418d4000000001f0050ff,@浮思,,2026-03-13 16:04:41,16,2026-03-13,Friday,Vionkashi,江苏,0,0,3,0,1,1,0,0
69bc1e3e000000000103e51c,69b418d4000000001f0050ff,好,好,2026-03-19 16:03:11,16,2026-03-19,Thursday,大宝盖,江西,0,0,1,1,0,1,0,0
69b4b1ca0000000003013d7f,69b4af52000000001f003f21,还有小鹿角,还有小鹿角,2026-03-14 00:54:35,0,2026-03-14,Saturday,山楂奶糖,浙江,147,0,5,5,0,1,1,0
69b4dbc40000000002034eff,69b4af52000000001f003f21,这表情真神了,这表情真神了,2026-03-14 03:53:42,3,2026-03-14,Saturday,Momo,云南,238,11,6,6,0,1,1,0
69b656d000000000050399d8,69b4af52000000001f003f21,好可爱，他进卡池了吗？[喝奶茶R],好可爱，他进卡池了吗？,2026-03-15 06:50:56,6,2026-03-15,Sunday,草履虫,广东,1,3,17,11,0,1,0,0
69bd0c68000000001500bbef,69b4af52000000001f003f21,,,2026-03-20 08:59:21,8,2026-03-20,Friday,青鸢花语🌸,湖南,0,0,0,0,1,1,1,0
69b550fd0000000009006207,69b4af52000000001f003f21,好萌啊耙耙柑[喝奶茶R],好萌啊耙耙柑,2026-03-14 12:13:50,12,2026-03-14,Saturday,早起有朝气,重庆,26,0,12,6,0,1,1,0
69bc85710000000009004707,69b4af52000000001f003f21,好美,好美,2026-03-19 23:23:30,23,2026-03-19,Thursday,小红薯66B34C85,福建,0,0,2,2,0,1,0,0
69b92c99000000000f026a03,69b4af52000000001f003f21,这么可爱啊，那计划有变，准备抽卡[doge][害羞R],这么可爱啊，那计划有变，准备抽卡,2026-03-17 10:27:37,10,2026-03-17,Tuesday,呜呜再也不玩摄影了,广东,1,0,27,16,0,1,0,0
69b7930a000000000103fa14,69b4af52000000001f003f21,西小妹真的好可爱怎么办菲比复刻没抽上又想抽菲比看前瞻又想抽达妮娅还得补个琳奈真是困扰死我了[哭惹R],西小妹真的好可爱怎么办菲比复刻没抽上又想抽菲比看前瞻又想抽达妮娅还得补个琳奈真是困扰死我了,2026-03-16 05:20:11,5,2026-03-16,Monday,上月喵猫,上海,1,0,50,45,0,1,0,0
69b600bc000000000503bd92,69b4af52000000001f003f21,之前get不到，现在越看越喜欢[超喜欢R],之前get不到，现在越看越喜欢,2026-03-15 00:43:41,0,2026-03-15,Sunday,🍟,湖南,0,0,21,15,0,1,0,0
69b4e840000000000d03601f,69b4af52000000001f003f21,可爱❥(ゝω・✿ฺ),可爱❥(ゝω・✿ฺ),2026-03-14 04:46:57,4,2026-03-14,Saturday,哎呀,山东,13,0,10,10,0,1,1,0
69b7b85a000000000103f506,69b4af52000000001f003f21,她真可爱,她真可爱,2026-03-16 07:59:22,7,2026-03-16,Monday,姚姚要减重,广东,0,0,4,4,0,1,0,0
69b89d55000000000503be8b,69b4af52000000001f003f21,p2这张好呆萌,p2这张好呆萌,2026-03-17 00:16:21,0,2026-03-17,Tuesday,我家猫会后空翻,山东,0,0,7,7,0,1,0,0
69b909210000000015014278,69b4af52000000001f003f21,这个腿太棒了,这个腿太棒了,2026-03-17 07:56:17,7,2026-03-17,Tuesday,常山阴,英国,0,0,6,6,0,1,0,0
69b4e755000000000202b400,69b4af52000000001f003f21,西小妹再见了，我要达小妹啦[doge],西小妹再见了，我要达小妹啦,2026-03-14 04:43:02,4,2026-03-14,Saturday,knight,陕西,5,0,19,13,0,1,0,0
69b4c2b1000000000203781b,69b4af52000000001f003f21,如果太刀姐张那样的话我真要抽西格丽卡了，太戳我了,如果太刀姐张那样的话我真要抽西格丽卡了，太戳我了,2026-03-14 02:06:42,2,2026-03-14,Saturday,树冠的风,贵州,3,0,24,24,0,1,0,0
69b63f1a00000000150019ae,69b4af52000000001f003f21,阿漂这是怎么了，失神成这个样子,阿漂这是怎么了，失神成这个样子,2026-03-15 05:09:47,5,2026-03-15,Sunday,饭盒尽头的漂泊幽灵,福建,0,1,15,15,0,1,0,0
69b4b917000000001500fe1b,69b4af52000000001f003f21,太萌了太萌了,太萌了太萌了,2026-03-14 01:25:44,1,2026-03-14,Saturday,Dr.我们还有救吗,浙江,1,0,6,6,0,1,0,0
69b52bdf000000000f00cd88,69b4af52000000001f003f21,小宝宝来着,小宝宝来着,2026-03-14 09:35:28,9,2026-03-14,Saturday,奶酪,河南,0,0,5,5,0,1,0,0
69b4d9f2000000001d00d53c,69b4af52000000001f003f21,好萌啊小橘子，宝宝你是个打人很痛的小橘子,好萌啊小橘子，宝宝你是个打人很痛的小橘子,2026-03-14 03:45:55,3,2026-03-14,Saturday,这家伙在说什么呢,北京,2,0,20,20,0,1,0,0
69b52e2d000000000202bc70,69b4af52000000001f003f21,可爱！,可爱！,2026-03-14 09:45:18,9,2026-03-14,Saturday,冰冰糖 小彩,江苏,0,0,3,3,0,1,0,0
69b77e4a000000001101a03b,69b4af52000000001f003f21,偏铝酸钠,偏铝酸钠,2026-03-16 03:51:39,3,2026-03-16,Monday,鹿鹿子,海南,0,0,4,4,0,1,0,0
69b69f17000000000f02c476,69b4af52000000001f003f21,坚定了抽耙耙柑的想法,坚定了抽耙耙柑的想法,2026-03-15 11:59:20,11,2026-03-15,Sunday,5347,四川,0,0,10,10,0,1,0,0
69b4c0cf000000000d0106a7,69b4af52000000001f003f21,豆豆眼耙耙柑！[哇R],豆豆眼耙耙柑！,2026-03-14 01:58:40,1,2026-03-14,Saturday,对方正在输入...(闭关ing),福建,0,0,11,7,0,1,0,0
69b57232000000000103dc20,69b4af52000000001f003f21,覆面系萌妹！！！！,覆面系萌妹！！！！,2026-03-14 14:35:31,14,2026-03-14,Saturday,甜菜猫猫头,江苏,0,0,9,9,0,1,0,0
69b5463700000000300273db,69b4af52000000001f003f21,persona!,persona!,2026-03-14 11:27:51,11,2026-03-14,Saturday,凛凛早露C.Eclips,浙江,0,0,8,8,0,1,0,0
69b52026000000000903645d,69b4af52000000001f003f21,我天好可爱,我天好可爱,2026-03-14 08:45:27,8,2026-03-14,Saturday,日升杏,黑龙江,0,0,5,5,0,1,0,0
69b4e2ae000000000d037e19,69b4af52000000001f003f21,快点上线吧想抽好久了,快点上线吧想抽好久了,2026-03-14 04:23:11,4,2026-03-14,Saturday,Zzz,重庆,1,0,10,10,0,1,0,0
69b4d4d2000000001500b6b2,69b4af52000000001f003f21,本来还在绯雪西格之间摇摆，看完前瞻坚定抽西格了！小橘子太萌太有活人感了,本来还在绯雪西格之间摇摆，看完前瞻坚定抽西格了！小橘子太萌太有活人感了,2026-03-14 03:24:02,3,2026-03-14,Saturday,阳若流,北京,0,0,35,35,0,1,0,0
69b5897f00000000010076a8,69b4af52000000001f003f21,@小小轩 @一颗星🌟 面具帅耶,面具帅耶,2026-03-14 16:14:56,16,2026-03-14,Saturday,爱音斯坦,马来西亚,0,3,15,4,0,1,0,0
69b511a20000000014008314,69b4af52000000001f003f21,@Syinnnn 这个好萌,这个好萌,2026-03-14 07:43:30,7,2026-03-14,Saturday,石中火,湖南,0,1,13,4,0,1,0,0
69a2ecc90000000009036e8c,69a2c7ad000000002303be61,橘橘宝你能不歪我小保底吗[皱眉R],橘橘宝你能不歪我小保底吗,2026-02-28 13:25:29,13,2026-02-28,Saturday,从你他她做起,山东,174,5,17,12,0,1,0,0
69a2e20900000000080331da,69a2c7ad000000002303be61,,,2026-02-28 12:39:38,12,2026-02-28,Saturday,。,浙江,178,5,0,0,1,1,1,0
69aa7a51000000000c016806,69a2c7ad000000002303be61,哪里有嘉心糖😋,哪里有嘉心糖😋,2026-03-06 06:55:14,6,2026-03-06,Friday,你看你，又急,广东,4,1,7,7,0,1,0,0
69b4b4c00000000002035a5b,69a2c7ad000000002303be61,西格莉卡：一眼望不到学院的未来,西格莉卡：一眼望不到学院的未来,2026-03-14 01:07:12,1,2026-03-14,Saturday,临沂.,四川,2,0,15,15,0,1,0,0
69bd59f2000000001501640f,69a2c7ad000000002303be61,没歪没歪，小橘子还是爱我的[喝奶茶R],没歪没歪，小橘子还是爱我的,2026-03-20 14:30:11,14,2026-03-20,Friday,从你他她做起,山东,0,0,19,13,0,1,1,0
69a576b6000000000f0270a6,69a2c7ad000000002303be61,你闺蜜残星会会长说学生里面还有一个她安排的会监，学院和秘日六席都认为是你，你跟我回去调查一下吧,你闺蜜残星会会长说学生里面还有一个她安排的会监，学院和秘日六席都认为是你，你跟我回去调查一下吧,2026-03-02 11:38:30,11,2026-03-02,Monday,坷垃,广东,19,0,47,47,0,1,0,0
69a47539000000001500de3b,69a2c7ad000000002303be61,西格莉卡听见闺蜜死掉了的表情也很美味啊,西格莉卡听见闺蜜死掉了的表情也很美味啊,2026-03-01 17:19:53,17,2026-03-01,Sunday,梨花梨花梨花趴一趴,广东,11,0,19,19,0,1,0,0
69a2ce6300000000050395da,69a2c7ad000000002303be61,小爱都没了怎么改餐[呃R][呃R][呃R],小爱都没了怎么改餐,2026-02-28 11:15:49,11,2026-02-28,Saturday,TheTHDES,山东,30,0,21,9,0,1,1,0
69a405d40000000008030eed,69a2c7ad000000002303be61,准备跟我一起自言自语吧,准备跟我一起自言自语吧,2026-03-01 09:24:36,9,2026-03-01,Sunday,无法上吊之物,加拿大,0,0,11,11,0,1,0,0
69a32d340000000006033d08,69a2c7ad000000002303be61,《拉海洛的天黑了》,《拉海洛的天黑了》,2026-02-28 18:00:20,18,2026-02-28,Saturday,ISAGI『世一』,福建,6,0,9,9,0,1,0,0
69a676a7000000000c015dbb,69a2c7ad000000002303be61,我也要被攻略吗👅-👅,我也要被攻略吗👅-👅,2026-03-03 05:50:32,5,2026-03-03,Tuesday,贝叶斯,北京,0,0,10,10,0,1,0,0
69a42757000000000600fec5,69a2c7ad000000002303be61,嘉豪是什么👻,嘉豪是什么👻,2026-03-01 11:47:36,11,2026-03-01,Sunday,今生,天津,1,0,6,6,0,1,0,0
69a33ec50000000008032370,69a2c7ad000000002303be61,@译言为定 @七点的海 @Lumi @fully recover. 笑死我了,recover. 笑死我了,2026-02-28 19:15:17,19,2026-02-28,Saturday,碎雨吟,广东,0,1,38,13,0,1,0,0
69a322850000000005030676,69a2c7ad000000002303be61,本嘉豪将严肃攻略西格莉卡@睫毛君,本嘉豪将严肃攻略西格莉卡,2026-02-28 17:14:45,17,2026-02-28,Saturday,酣梦1928428,江西,3,0,16,12,0,1,0,0
69b3cd7a0000000015013fc9,69a2c7ad000000002303be61,@小自豪 这个非常炸裂的剧情[大笑R],这个非常炸裂的剧情,2026-03-13 08:40:26,8,2026-03-13,Friday,瑞白泽,河南,0,0,19,9,0,1,0,0
69a7b8ba000000000c016956,69a2c7ad000000002303be61,@别开枪我是天天 我不行了，可是她很漂亮[捂脸R],我不行了，可是她很漂亮,2026-03-04 04:44:42,4,2026-03-04,Wednesday,jisovo,福建,1,0,25,11,0,1,0,0
69a41af100000000050399a4,69a2c7ad000000002303be61,@camellia^🍀 笑死了,笑死了,2026-03-01 10:54:42,10,2026-03-01,Sunday,千灯亦如昼_,重庆,0,0,15,3,0,1,0,0
69a2f58c0000000009035ae9,69a2c7ad000000002303be61,@桃酥 @AAA海拉鲁大剑香蕉批发商 @如星伴月 我tm要笑死了[捂脸R],我tm要笑死了,2026-02-28 14:02:53,14,2026-02-28,Saturday,三天,湖北,2,1,37,7,0,1,0,0
69a2ee58000000000600adff,69a2c7ad000000002303be61,@喵 怎么这么好笑[捂脸R],怎么这么好笑,2026-02-28 13:32:09,13,2026-02-28,Saturday,暮刺,广东,0,0,14,6,0,1,0,0
69a41070000000000600f1b2,69a2c7ad000000002303be61,哈哈哈哈哈哈哈哈哈哈哈哈哈,哈哈哈哈哈哈哈哈哈哈哈哈哈,2026-03-01 10:09:53,10,2026-03-01,Sunday,正在尝试上线,广西,1,0,13,13,0,1,0,0
69a95885000000000c0088d7,69a2c7ad000000002303be61,@完美的菊花有21个褶,,2026-03-05 10:18:46,10,2026-03-05,Thursday,Daiquiris,北京,0,0,11,0,1,1,0,0
69a3b501000000000f01e405,69a2c7ad000000002303be61,@池鱼,,2026-03-01 03:39:45,3,2026-03-01,Sunday,中二晚期竺天,湖北,0,0,3,0,1,1,0,0
69a3b4250000000005031fdd,69a2c7ad000000002303be61,@台风眼,,2026-03-01 03:36:06,3,2026-03-01,Sunday,你猜我叫什么,安徽,0,0,4,0,1,1,0,0
69a3b1bc0000000006033104,69a2c7ad000000002303be61,@雪菊Yukikiku,,2026-03-01 03:25:48,3,2026-03-01,Sunday,cipher,北京,0,0,11,0,1,1,0,0
69a39c55000000001d0099b4,69a2c7ad000000002303be61,@拾壹（求赞！ @不叫沧海的昌海菌,,2026-03-01 01:54:30,1,2026-03-01,Sunday,。。,江苏,1,0,17,0,1,1,0,0
69bbcbdc000000000c0335ac,69bbab7f000000002301f69b,这么好的闺蜜再也不会有了[微笑R],这么好的闺蜜再也不会有了,2026-03-19 10:11:42,10,2026-03-19,Thursday,端瑾信,安徽,502,8,17,12,0,1,1,0
69bbb2f3000000000c03062c,69bbab7f000000002301f69b,怎么办[完啦R]我的三观快要跟着五官跑了[完啦R]理性上知道达妮娅目前表现出来的做法肯定是不对的[完啦R]但是她好漂亮[完啦R]我觉得她肯定有苦衷[完啦R]欸不对有苦衷这样做也不对[惊恐R],怎么办我的三观快要跟着五官跑了理性上知道达妮娅目前表现出来的做法肯定是不对的但是她好漂亮我觉得她肯定有苦衷欸不对有苦衷这样做也不对,2026-03-19 08:25:24,8,2026-03-19,Thursday,sunset on HOSC,上海,272,14,95,65,0,1,0,0
69bbb98d000000000d03eee2,69bbab7f000000002301f69b,你不能叫我娅娅，但我能喊你西西[doge],你不能叫我娅娅，但我能喊你西西,2026-03-19 08:53:33,8,2026-03-19,Thursday,slayleo,福建,117,2,21,15,0,1,0,0
69bbbb06000000001500ef30,69bbab7f000000002301f69b,[doge]西格莉卡一看就是单纯的没边了 两个朋友 全是残星会的 库洛把这个人物欺负完了啊 剧情欺负完了后续卡池在欺负。,西格莉卡一看就是单纯的没边了 两个朋友 全是残星会的 库洛把这个人物欺负完了啊 剧情欺负完了后续卡池在欺负。,2026-03-19 08:59:51,8,2026-03-19,Thursday,风语,辽宁,212,2,60,54,0,1,0,0
69bbabec000000000103ffa3,69bbab7f000000002301f69b,我去这个毛绒质感,我去这个毛绒质感,2026-03-19 07:55:24,7,2026-03-19,Thursday,青玺,浙江,37,4,8,8,0,1,0,0
69bbf494000000001d00b9f4,69bbab7f000000002301f69b,[完啦R]有大佬带带磁暴吗,有大佬带带磁暴吗,2026-03-19 13:05:24,13,2026-03-19,Thursday,momo,湖南,0,7,13,8,0,1,0,0
69bd204e000000000d03632f,69bbab7f000000002301f69b,比卡提西娅更像长崎素世,比卡提西娅更像长崎素世,2026-03-20 10:24:14,10,2026-03-20,Friday,永雏塔菲,上海,2,1,11,11,0,1,0,0
69bc44160000000018023d8e,69bbab7f000000002301f69b,可怜的小橘子被娅娅玩弄于股掌之间[抽泣R]偷吃一口,可怜的小橘子被娅娅玩弄于股掌之间偷吃一口,2026-03-19 18:44:39,18,2026-03-19,Thursday,起司公主玩红薯TT,辽宁,5,0,25,20,0,1,0,0
69bc0fe600000000020356ed,69bbab7f000000002301f69b,,,2026-03-19 15:02:00,15,2026-03-19,Thursday,你的苏学弟ya,福建,12,1,0,0,1,1,1,0
69bbb923000000003102d201,69bbab7f000000002301f69b,蔫坏蔫坏的低精力草莓小蛋糕，很擅长压力我们橘橘宝[萌萌哒R],蔫坏蔫坏的低精力草莓小蛋糕，很擅长压力我们橘橘宝,2026-03-19 08:51:48,8,2026-03-19,Thursday,Ixia,上海,18,1,30,24,0,1,0,0
69bbf073000000000f00f4ef,69bbab7f000000002301f69b,感觉不坏，像病娇[吧唧R][doge],感觉不坏，像病娇,2026-03-19 12:47:47,12,2026-03-19,Thursday,zlyq,德国,3,1,19,8,0,1,0,0
69bbc24b00000000010068f9,69bbab7f000000002301f69b,坏女人，我漂泊者一定要大调查一下[doge],坏女人，我漂泊者一定要大调查一下,2026-03-19 09:30:52,9,2026-03-19,Thursday,spectre,河北,9,1,22,16,0,1,0,0
69bbe31300000000160170cb,69bbab7f000000002301f69b,阿列夫一也只能作为她的发卡[doge],阿列夫一也只能作为她的发卡,2026-03-19 11:50:43,11,2026-03-19,Thursday,今菲汐比,安徽,3,0,19,13,0,1,0,0
69bc202a00000000150086ff,69bbab7f000000002301f69b,刷到完全相反观点的笔记哈哈哈哈，不过我还是倾向于两个小女孩好朋友的设定哈哈哈哈哈，当然各有看法,刷到完全相反观点的笔记哈哈哈哈，不过我还是倾向于两个小女孩好朋友的设定哈哈哈哈哈，当然各有看法,2026-03-19 16:11:22,16,2026-03-19,Thursday,洛洛,河北,3,0,47,47,0,1,0,0
69bbf161000000001500a8da,69bbab7f000000002301f69b,库洛衣品审美变正常了？,库洛衣品审美变正常了？,2026-03-19 12:51:45,12,2026-03-19,Thursday,北仑色,江西,3,0,11,11,0,1,0,0
69bbbeff00000000090369fe,69bbab7f000000002301f69b,最后一幕还是担心西西了的，只是漂泊者在旁边所以就走了,最后一幕还是担心西西了的，只是漂泊者在旁边所以就走了,2026-03-19 09:16:48,9,2026-03-19,Thursday,小雨（个人工作室）,湖南,6,0,26,26,0,1,0,0
69bbbf8b000000000f01d1ce,69bbab7f000000002301f69b,橘橘宝：什么叫我最要好的两个闺蜜都是残星会的？,橘橘宝：什么叫我最要好的两个闺蜜都是残星会的？,2026-03-19 09:19:08,9,2026-03-19,Thursday,PlanD,江苏,4,0,23,23,0,1,0,0
69bbfdf1000000000c032d48,69bbab7f000000002301f69b,爱弥斯 达妮娅  千咲 这一队也太Xp了[笑哭R],爱弥斯 达妮娅 千咲 这一队也太Xp了,2026-03-19 13:45:22,13,2026-03-19,Thursday,木彼白,山东,1,0,25,19,0,1,0,0
69bc13fe0000000019002bda,69bbab7f000000002301f69b,她长得像...,她长得像...,2026-03-19 15:19:26,15,2026-03-19,Thursday,嗯米cn月诚,山东,0,0,7,7,0,1,0,0
69bc0d5d000000001802077a,69bbab7f000000002301f69b,确实好看,确实好看,2026-03-19 14:51:10,14,2026-03-19,Thursday,小红薯63995FE9,广东,0,0,4,4,0,1,0,0
69bc2a16000000000f00cae2,69bbab7f000000002301f69b,[捂脸R]我本来在等她，但是粑粑柑太可爱了，所以抽了粑粑柑,我本来在等她，但是粑粑柑太可爱了，所以抽了粑粑柑,2026-03-19 16:53:42,16,2026-03-19,Thursday,至春和,江苏,0,0,29,24,0,1,0,0
69bbdcaf000000000503bbfa,69bbab7f000000002301f69b,我玩二游更喜欢坏女人，帅女人这一类的[doge],我玩二游更喜欢坏女人，帅女人这一类的,2026-03-19 11:23:28,11,2026-03-19,Thursday,小红薯5F45C7C0,上海,0,0,24,18,0,1,0,0
69bc2ed50000000015009cc3,69bbab7f000000002301f69b,粑粑柑好可怜[笑哭R],粑粑柑好可怜,2026-03-19 17:13:57,17,2026-03-19,Thursday,吃吃吃,江苏,0,0,11,6,0,1,0,0
69bbc9e20000000014030f8f,69bbab7f000000002301f69b,残星会？我还以为是学院社团呢[偷笑R],残星会？我还以为是学院社团呢,2026-03-19 10:03:15,10,2026-03-19,Thursday,红薯怡蓓紫,黑龙江,2,0,19,14,0,1,0,0
69bbc0cd0000000016014ada,69bbab7f000000002301f69b,耙耙柑:残星会不是我参加的学院社团名字么？[doge],耙耙柑:残星会不是我参加的学院社团名字么？,2026-03-19 09:24:30,9,2026-03-19,Thursday,菠萝君🍍,山东,1,0,27,21,0,1,0,0
69bbc336000000001400a5b4,69bbab7f000000002301f69b,邪恶水蜜桃[斜眼R],邪恶水蜜桃,2026-03-19 09:34:46,9,2026-03-19,Thursday,Carlos,上海,1,0,10,5,0,1,0,0
69bbc476000000000d010cf3,69bbab7f000000002301f69b,残星会比光明会好进多了[汗颜R],残星会比光明会好进多了,2026-03-19 09:40:06,9,2026-03-19,Thursday,Sonny,辽宁,0,0,16,11,0,1,0,0
69bbe68400000000020341bd,69bbab7f000000002301f69b,是真的壞女人嗎，不要到最後又是好女人，想抽真正心地壞的[笑哭R],是真的壞女人嗎，不要到最後又是好女人，想抽真正心地壞的,2026-03-19 12:05:24,12,2026-03-19,Thursday,紅包拿來馬上幣嘴,中国台湾,0,0,32,27,0,1,0,0
69bbd30f000000000d034e75,69bbab7f000000002301f69b,爱弥斯新后妈[doge],爱弥斯新后妈,2026-03-19 10:42:24,10,2026-03-19,Thursday,逸梦,浙江,0,0,12,6,0,1,0,0
69bbc72e000000001d00869c,69bbab7f000000002301f69b,,,2026-03-19 09:51:45,9,2026-03-19,Thursday,半元音的张,河北,0,0,0,0,1,1,1,0
69934e4d000000000800f4fc,699344d9000000001a029b27,[doge],,2026-02-16 17:05:18,17,2026-02-16,Monday,叫我二弥就好,福建,407,18,6,0,1,1,1,0
6993d11e0000000004002d11,699344d9000000001a029b27,你怎么知道我也拍了（）,你怎么知道我也拍了（）,2026-02-17 02:23:28,2,2026-02-17,Tuesday,顾沫汐_Kiri,北京,145,4,11,11,0,1,1,0
69939f7c000000000f02ab62,699344d9000000001a029b27,图三真相了[新月R]辛苦了菲比小闺女,图三真相了辛苦了菲比小闺女,2026-02-16 22:51:41,22,2026-02-16,Monday,桜井秀樹,北京,141,1,18,13,0,1,1,0
6993484100000000060332bc,699344d9000000001a029b27,西格一眼看不见拉海洛的未来,西格一眼看不见拉海洛的未来,2026-02-16 16:39:30,16,2026-02-16,Monday,浅岸蝶星,安徽,40,1,13,13,0,1,0,0
699355e90000000015016f4e,699344d9000000001a029b27,菲比ip可以改成塔卫二哈哈哈哈哈,菲比ip可以改成塔卫二哈哈哈哈哈,2026-02-16 17:37:45,17,2026-02-16,Monday,Eclipse冬_,黑龙江,7,1,16,16,0,1,0,0
6993b0010000000008031a2c,699344d9000000001a029b27,灯灯那个慌忙解释好萌好可爱！（居然还带我们折枝玩太好了）,灯灯那个慌忙解释好萌好可爱！（居然还带我们折枝玩太好了）,2026-02-17 00:02:10,0,2026-02-17,Tuesday,东北风焚过西南坡,山东,34,0,28,28,0,1,1,0
69936ecd000000000b03532f,699344d9000000001a029b27,"哈哈哈p1的远儿不语只是一味的“回我消息”[doge]
还有老师新年快乐，感谢老师做了那么多香香的饭[派对R]",哈哈哈p1的远儿不语只是一味的“回我消息” 还有老师新年快乐，感谢老师做了那么多香香的饭,2026-02-16 19:24:00,19,2026-02-16,Monday,不似樱,广东,29,0,55,44,0,1,1,0
6993c6d2000000000f01d3d9,699344d9000000001a029b27,,,2026-02-17 01:39:44,1,2026-02-17,Tuesday,去码头整点薯条,辽宁,13,0,0,0,1,1,1,0
699416410000000005030e77,699344d9000000001a029b27,陆哥这死亡角度都这么帅，无敌了,陆哥这死亡角度都这么帅，无敌了,2026-02-17 07:18:25,7,2026-02-17,Tuesday,水原之水,江苏,13,1,15,15,0,1,0,0
69941a4800000000050336c6,699344d9000000001a029b27,p1的编号130也太好笑了w,p1的编号130也太好笑了w,2026-02-17 07:35:37,7,2026-02-17,Tuesday,ᅠᅠᅠ,广东,11,1,14,14,0,1,1,0
699cfc7e000000000601d64b,699344d9000000001a029b27,p1陆赫斯要爽死了,p1陆赫斯要爽死了,2026-02-24 01:18:55,1,2026-02-24,Tuesday,困困狗困了又困,河南,6,0,9,9,0,1,0,0
699351210000000008031f77,699344d9000000001a029b27,看到菲比,看到菲比,2026-02-16 17:17:22,17,2026-02-16,Monday,未烊,河北,6,0,4,4,0,1,1,0
69ae03e70000000003011dba,699344d9000000001a029b27,折枝的好真实[doge],折枝的好真实,2026-03-08 23:19:03,23,2026-03-08,Sunday,我是帅哥,广东,0,0,12,6,0,1,0,0
699370d400000000040034f7,699344d9000000001a029b27,这个椿儿就这么宠我🥺🥺,这个椿儿就这么宠我🥺🥺,2026-02-16 19:32:36,19,2026-02-16,Monday,Spider,山东,7,1,11,11,0,1,0,0
699346b0000000000600cb8e,699344d9000000001a029b27,晚睡的孩子有饭吃[赞R][赞R][赞R],晚睡的孩子有饭吃,2026-02-16 16:32:49,16,2026-02-16,Monday,愚者何时点燃权杖,安徽,0,0,20,8,0,1,1,0
699c4b5a00000000040007c2,699344d9000000001a029b27,这个位置都拍了吗,这个位置都拍了吗,2026-02-23 12:43:07,12,2026-02-23,Monday,大傻椿儿,吉林,0,0,8,8,0,1,0,0
69937b5f000000001d00e6c9,699344d9000000001a029b27,,,2026-02-16 20:17:37,20,2026-02-16,Monday,Nero-1,广东,1,0,0,0,1,1,1,0
6993453c0000000003012838,699344d9000000001a029b27,祝各位漂泊者新年快乐，十连双金,祝各位漂泊者新年快乐，十连双金,2026-02-16 16:26:37,16,2026-02-16,Monday,弁当,河南,1,0,15,15,0,1,0,0
699349610000000019000976,699344d9000000001a029b27,第六张图；是啊，吃什么?,第六张图；是啊，吃什么?,2026-02-16 16:44:17,16,2026-02-16,Monday,叽里咕噜说啥呢真言奥秘,广西,0,0,12,12,0,1,0,0
6993cb16000000000600de32,699344d9000000001a029b27,图四那个回复是不是写错了，应该是回复琳奈吧,图四那个回复是不是写错了，应该是回复琳奈吧,2026-02-17 01:57:42,1,2026-02-17,Tuesday,清瑶,四川,4,1,21,21,0,1,0,0
699355fc00000000180233df,699344d9000000001a029b27,琳奈 hiahiahiahia可爱捏,琳奈 hiahiahiahia可爱捏,2026-02-16 17:38:05,17,2026-02-16,Monday,琳奈你回来吧,贵州,1,0,18,18,0,1,0,0
699353e40000000006033e6c,699344d9000000001a029b27,电线草,电线草,2026-02-16 17:29:09,17,2026-02-16,Monday,小红薯62D385B0,福建,0,0,3,3,0,1,0,0
69935f13000000000b0349f9,699344d9000000001a029b27,仇远是怎么看到这消息的[呃R],仇远是怎么看到这消息的,2026-02-16 18:16:51,18,2026-02-16,Monday,little-tiger,美国,1,1,15,11,0,1,0,0
69936544000000000b036a2e,699344d9000000001a029b27,太可爱了！！！！！！！！！！感觉每个角色都活灵活现地在我身边哈哈哈哈哈,太可爱了！！！！！！！！！！感觉每个角色都活灵活现地在我身边哈哈哈哈哈,2026-02-16 18:43:17,18,2026-02-16,Monday,绒妮,河南,1,0,35,35,0,1,0,0
69939cba000000000600a1da,699344d9000000001a029b27,琳奈那个又可爱又好笑,琳奈那个又可爱又好笑,2026-02-16 22:39:55,22,2026-02-16,Monday,i！,江西,1,0,10,10,0,1,0,0
69935345000000000f01fc42,699344d9000000001a029b27,菲比啾比可爱！,菲比啾比可爱！,2026-02-16 17:26:30,17,2026-02-16,Monday,11,广东,0,0,7,7,0,1,0,0
69939cf8000000000d0109cf,699344d9000000001a029b27,早上起来就是为了看这个的[哇R],早上起来就是为了看这个的,2026-02-16 22:40:57,22,2026-02-16,Monday,槐序.,湖南,0,0,16,12,0,1,1,0
699424d300000000090074ab,699344d9000000001a029b27,呜呜物流来山卡拉地带开通业务吧 我需要你,呜呜物流来山卡拉地带开通业务吧 我需要你,2026-02-17 08:20:37,8,2026-02-17,Tuesday,乌拉乌拉(演出进行版💸),广东,0,0,20,20,0,1,1,0
6993c44800000000080300ee,699344d9000000001a029b27,好贴！好萌呀大家🥺热热闹闹的索拉里斯大家庭，新春快乐！,好贴！好萌呀大家🥺热热闹闹的索拉里斯大家庭，新春快乐！,2026-02-17 01:28:40,1,2026-02-17,Tuesday,冬眠（迎好运版）,广西,0,0,27,27,0,1,0,0
69935e2e000000000603394a,699344d9000000001a029b27,美味[派对R],美味,2026-02-16 18:13:03,18,2026-02-16,Monday,苏屿沐,福建,0,0,7,2,0,1,0,0
69ba7834000000001d00989e,69ba6c46000000001a02cc3a,闺蜜你说加社团，怎么是残星会啊...,闺蜜你说加社团，怎么是残星会啊...,2026-03-18 10:02:29,10,2026-03-18,Wednesday,卷卷虾,广西,597,9,18,18,0,1,0,0
69ba9977000000000c033311,69ba6c46000000001a02cc3a,今后抓残星会方便了，先查西格莉卡社交圈[捂脸R],今后抓残星会方便了，先查西格莉卡社交圈,2026-03-18 12:24:23,12,2026-03-18,Wednesday,公式光天下第一可爱！,北京,123,2,24,19,0,1,0,0
69bab6bd000000000f00e941,69ba6c46000000001a02cc3a,原来是练了吸星大法，难怪跟武侠梦是一个队的,原来是练了吸星大法，难怪跟武侠梦是一个队的,2026-03-18 14:29:18,14,2026-03-18,Wednesday,鱼蛋,广东,91,3,21,21,0,1,0,0
69ba6d540000000015009c4c,69ba6c46000000001a02cc3a,小西belike：什么叫我两个闺蜜都是残血会的？！,小西belike：什么叫我两个闺蜜都是残血会的？！,2026-03-18 09:16:04,9,2026-03-18,Wednesday,忧郁女孩在残星会,浙江,16,3,25,25,0,1,0,0
69bc29bc000000001500d162,69ba6c46000000001a02cc3a,娜西达吗？有意思[doge],娜西达吗？有意思,2026-03-19 16:52:12,16,2026-03-19,Thursday,节奏代师,河南,28,2,14,8,0,1,0,0
69ba7003000000000202ac62,69ba6c46000000001a02cc3a,小妹妹，快告诉漂哥哥漂姐姐你还有那些好朋友呀[坏笑R],小妹妹，快告诉漂哥哥漂姐姐你还有那些好朋友呀,2026-03-18 09:27:32,9,2026-03-18,Wednesday,绿色与灯塔,广西,77,1,27,22,0,1,0,0
69baa82b00000000020375f9,69ba6c46000000001a02cc3a,原来残星会不是学校社团啊.jpg,原来残星会不是学校社团啊.jpg,2026-03-18 13:27:07,13,2026-03-18,Wednesday,Spider,山东,14,1,16,16,0,1,0,0
69bcf6f9000000001501349d,69ba6c46000000001a02cc3a,"粑粑柑：嘉豪看我新闺蜜
哈基漂：残星会，吃我一剑
粑粑柑：大远哥，我闺蜜来看咱俩打深塔
仇远：一斩…（被粑粑柑一个重击打断了）
粑粑柑：残星会还是我来吧，别拿十年孤竹刮痧了",粑粑柑：嘉豪看我新闺蜜 哈基漂：残星会，吃我一剑 粑粑柑：大远哥，我闺蜜来看咱俩打深塔 仇远：一斩…（被粑粑柑一个重击打断了） 粑粑柑：残星会还是我来吧，别拿十年孤竹刮痧了,2026-03-20 07:27:53,7,2026-03-20,Friday,雪星凌豪,河南,3,0,86,86,0,1,0,0
69ba931c000000000c030444,69ba6c46000000001a02cc3a,打窝？海风温和……,打窝？海风温和……,2026-03-18 11:57:16,11,2026-03-18,Wednesday,Watsky Schwald,英国,13,1,9,9,0,1,0,0
69ba8633000000000d03f7a3,69ba6c46000000001a02cc3a,我想看两坏女人跟漂子对峙，但是真真对耙耙柑很好，耙耙柑就是用来宠的乖宝宝[泪崩R],我想看两坏女人跟漂子对峙，但是真真对耙耙柑很好，耙耙柑就是用来宠的乖宝宝,2026-03-18 11:02:12,11,2026-03-18,Wednesday,落枕,安徽,8,0,41,36,0,1,0,0
69bcac5400000000310019c9,69ba6c46000000001a02cc3a,屏幕前的家人们你们觉得耙耙柑的政审能过吗.jpg,屏幕前的家人们你们觉得耙耙柑的政审能过吗.jpg,2026-03-20 02:09:25,2,2026-03-20,Friday,羽州之狐,上海,1,0,24,24,0,1,0,0
69bcaa57000000001500ce5d,69ba6c46000000001a02cc3a,"西格莉卡：我黑化了，我要加入残星会
会长和达妮亚：（boos直聘）[微笑R]",西格莉卡：我黑化了，我要加入残星会 会长和达妮亚：（boos直聘）,2026-03-20 02:00:55,2,2026-03-20,Friday,狱bell,江苏,0,0,38,33,0,1,0,0
69bace68000000000c032699,69ba6c46000000001a02cc3a,粑粑柑谨慎交友啊[doge],粑粑柑谨慎交友啊,2026-03-18 16:10:16,16,2026-03-18,Wednesday,有感moon,天津,1,0,14,8,0,1,0,0
69ba6c9b000000000d035e1d,69ba6c46000000001a02cc3a,卧槽这是什么小白花和大灰狼😎😎😎,卧槽这是什么小白花和大灰狼😎😎😎,2026-03-18 09:12:59,9,2026-03-18,Wednesday,锈噬第七夜.,泰国,0,1,16,16,0,1,0,0
69bb02e2000000000900746f,69ba6c46000000001a02cc3a,什么叫我的闺蜜是恐怖分子，什么叫我加入的社团是恐怖组织,什么叫我的闺蜜是恐怖分子，什么叫我加入的社团是恐怖组织,2026-03-18 19:54:11,19,2026-03-18,Wednesday,滞空,江苏,0,0,27,27,0,1,0,0
69ba771a000000000f02e97b,69ba6c46000000001a02cc3a,求吸引残星会教程,求吸引残星会教程,2026-03-18 09:57:47,9,2026-03-18,Wednesday,九夜,浙江,0,0,8,8,0,1,0,0
69ba9d2d0000000015002829,69ba6c46000000001a02cc3a,西格莉卡os闺蜜残星会也是社团吗,西格莉卡os闺蜜残星会也是社团吗,2026-03-18 12:40:14,12,2026-03-18,Wednesday,zhun,广东,0,0,16,16,0,1,0,0
69baa18a00000000150164ec,69ba6c46000000001a02cc3a,粑粑柑莫名获得好市民锦旗，西格莉卡:我打残星会？！真的假的！？！,粑粑柑莫名获得好市民锦旗，西格莉卡:我打残星会？！真的假的！？！,2026-03-18 12:58:50,12,2026-03-18,Wednesday,是的，我俩年十次画师认证都没过,新疆,0,0,32,32,0,1,0,0
69b903e4000000000d03f48f,69b8cbc80000000022028922,是小橙子和小桃子，好磕好磕[吧唧R],是小橙子和小桃子，好磕好磕,2026-03-17 07:33:56,7,2026-03-17,Tuesday,心动,山东,261,4,18,13,0,1,0,0
69b8e10d000000001d00fa6a,69b8cbc80000000022028922,富婆喔拿阿列夫一当发卡[萌萌哒R],富婆喔拿阿列夫一当发卡,2026-03-17 05:05:19,5,2026-03-17,Tuesday,YaoYaoCheckout,加拿大,173,4,17,11,0,1,1,0
69b8d1aa0000000019001491,69b8cbc80000000022028922,达尼亚看起来有点坏坏的哦，好萌,达尼亚看起来有点坏坏的哦，好萌,2026-03-17 03:59:39,3,2026-03-17,Tuesday,晴暖,上海,84,5,15,15,0,1,0,0
69b8cdfb0000000015014536,69b8cbc80000000022028922,西小妹闺蜜都是残星会特务说是,西小妹闺蜜都是残星会特务说是,2026-03-17 03:43:56,3,2026-03-17,Tuesday,落墨,安徽,104,1,14,14,0,1,0,0
69ba26e2000000000100706d,69b8cbc80000000022028922,上一个闺蜜是残星会会长，这个不知道是不是那个内鬼[doge],上一个闺蜜是残星会会长，这个不知道是不是那个内鬼,2026-03-18 04:15:31,4,2026-03-18,Wednesday,momo,浙江,9,1,30,24,0,1,0,0
69b8d5e8000000000103e7ef,69b8cbc80000000022028922,好像飞行雪绒啊,好像飞行雪绒啊,2026-03-17 04:17:44,4,2026-03-17,Tuesday,来战,江西,5,3,7,7,0,1,0,0
69b962730000000015000cf6,69b8cbc80000000022028922,闺蜜会反目吗,闺蜜会反目吗,2026-03-17 14:17:24,14,2026-03-17,Tuesday,HAPPY,辽宁,2,0,6,6,0,1,1,0
69b90445000000000103d383,69b8cbc80000000022028922,[doge]闺蜜都是人才  耙耙柑:我什么都做不到,闺蜜都是人才 耙耙柑:我什么都做不到,2026-03-17 07:35:33,7,2026-03-17,Tuesday,钢风,广东,7,0,25,18,0,1,0,0
69b8dd210000000016015e2b,69b8cbc80000000022028922,西格莉卡的闺蜜怎么都是残星会相关[笑哭R],西格莉卡的闺蜜怎么都是残星会相关,2026-03-17 04:48:34,4,2026-03-17,Tuesday,bdbb,广东,4,0,21,16,0,1,0,0
69bb252a0000000002035b95,69b8cbc80000000022028922,两个萌物！可惜我资源只够一只[叹气R],两个萌物！可惜我资源只够一只,2026-03-18 22:20:27,22,2026-03-18,Wednesday,玛格达达达,安徽,0,0,19,14,0,1,0,0
69b8dbc9000000000c030fde,69b8cbc80000000022028922,达尼亚看起来就像是会长[doge],达尼亚看起来就像是会长,2026-03-17 04:42:49,4,2026-03-17,Tuesday,xxxifan,重庆,4,0,17,11,0,1,0,0
69b8dce50000000015017d66,69b8cbc80000000022028922,我的残星会会长呢,我的残星会会长呢,2026-03-17 04:47:33,4,2026-03-17,Tuesday,会飞的🐟,浙江,0,0,8,8,0,1,0,0
69b904db0000000015009ace,69b8cbc80000000022028922,好喜欢她的头发，卷发还有星空,好喜欢她的头发，卷发还有星空,2026-03-17 07:38:04,7,2026-03-17,Tuesday,衣带水,福建,0,0,14,14,0,1,0,0
69b8e5680000000011019591,69b8cbc80000000022028922,坏仁脸,坏仁脸,2026-03-17 05:23:52,5,2026-03-17,Tuesday,海鸥与港口,四川,1,0,3,3,0,1,0,0
69b8e4ca000000000f00cfab,69b8cbc80000000022028922,哎哟我，橘橘宝咋这萌,哎哟我，橘橘宝咋这萌,2026-03-17 05:21:15,5,2026-03-17,Tuesday,诗宝,湖北,0,0,10,10,0,1,0,0
69bab34200000000010065b6,69b8cbc80000000022028922,两个闺蜜 好萌！[皱眉R],两个闺蜜 好萌！,2026-03-18 14:14:27,14,2026-03-18,Wednesday,^小满吃小鱼^,马来西亚,0,0,13,8,0,1,0,0
69b8dbb90000000001006d24,69b8cbc80000000022028922,这个pv的达妮压建模比前瞻好多了[笑哭R],这个pv的达妮压建模比前瞻好多了,2026-03-17 04:42:34,4,2026-03-17,Tuesday,心如止水,重庆,1,0,21,16,0,1,0,0
69b8dba00000000001006859,69b8cbc80000000022028922,好媚,好媚,2026-03-17 04:42:08,4,2026-03-17,Tuesday,Luo清谈📸,上海,2,0,2,2,0,1,0,0
69b93aa10000000016015fc3,69b8cbc80000000022028922,@呆古偶,,2026-03-17 11:27:29,11,2026-03-17,Tuesday,Lykke、,天津,0,0,4,0,1,1,0,0
69b928c500000000140336af,69b8cbc80000000022028922,@Yuuki,,2026-03-17 10:11:17,10,2026-03-17,Tuesday,少女暴君,江苏,0,1,6,0,1,1,0,0
69b8e1dc000000001500a6f8,69b8cbc80000000022028922,@奥的灰烬,,2026-03-17 05:08:44,5,2026-03-17,Tuesday,月亮也会落山吗,江苏,0,1,5,0,1,1,0,0
69841466000000000d011ceb,6984123b000000002102aa70,梦一个可以和弗洛洛组队,梦一个可以和弗洛洛组队,2026-02-05 03:54:15,3,2026-02-05,Thursday,get不到你担不犯罪,广东,128,8,11,11,0,1,0,0
69841759000000000503ae71,6984123b000000002102aa70,还偷偷跟朋友蛐蛐主角自言自语哈哈哈,还偷偷跟朋友蛐蛐主角自言自语哈哈哈,2026-02-05 04:06:50,4,2026-02-05,Thursday,鱼鱼大仙人,马来西亚,82,2,17,17,0,1,0,0
6984304a000000000d010d6f,6984123b000000002102aa70,好可爱啊啊啊啊啊小橘子蛋糕！是c还是辅哇,好可爱啊啊啊啊啊小橘子蛋糕！是c还是辅哇,2026-02-05 05:53:14,5,2026-02-05,Thursday,小鱼,四川,54,7,20,20,0,1,0,0
69848919000000000800c46c,6984123b000000002102aa70,确实可爱，就是脸有点圆[偷笑R],确实可爱，就是脸有点圆,2026-02-05 12:12:11,12,2026-02-05,Thursday,XNM,广东,19,6,16,11,0,1,1,0
6984cd67000000000601c06b,6984123b000000002102aa70,虽然二游越来越多，但我觉得鸣潮的建模才是最牛逼的[微笑R],虽然二游越来越多，但我觉得鸣潮的建模才是最牛逼的,2026-02-05 17:03:35,17,2026-02-05,Thursday,无无,江西,8,1,29,24,0,1,0,0
69867e9b0000000008033bff,6984123b000000002102aa70,西格莉卡大概跟谁配队啊好喜欢😍,西格莉卡大概跟谁配队啊好喜欢😍,2026-02-06 23:51:56,23,2026-02-06,Friday,电话👊,美国,0,3,15,15,0,1,0,0
698419bf0000000014033a06,6984123b000000002102aa70,建模比立绘好看系列 立绘无感 看完建模有点忘本了,建模比立绘好看系列 立绘无感 看完建模有点忘本了,2026-02-05 04:17:03,4,2026-02-05,Thursday,Eclipse冬_,黑龙江,9,0,24,24,0,1,0,0
698416d3000000001900197d,6984123b000000002102aa70,不想抽爱弥斯了，这个真戳我[害羞R],不想抽爱弥斯了，这个真戳我,2026-02-05 04:04:36,4,2026-02-05,Thursday,散弹枪喷一切,江西,3,1,18,13,0,1,0,0
6984145f000000000800eb2d,6984123b000000002102aa70,可爱小🍊，我吃！,可爱小🍊，我吃！,2026-02-05 03:54:08,3,2026-02-05,Thursday,落雪时再见吧,重庆,3,0,8,8,0,1,0,0
698434bd0000000006033fc0,6984123b000000002102aa70,什么时候上线呢，我更喜欢这种矮矮的少女[哇R],什么时候上线呢，我更喜欢这种矮矮的少女,2026-02-05 06:12:13,6,2026-02-05,Thursday,momo,广东,0,1,23,19,0,1,0,0
69841798000000000503b60f,6984123b000000002102aa70,其实立绘就一眼爱上了，建模更是小蛋糕水平[害羞R],其实立绘就一眼爱上了，建模更是小蛋糕水平,2026-02-05 04:07:53,4,2026-02-05,Thursday,诶嘿,广东,15,0,25,20,0,1,0,0
69841ebb0000000006032245,6984123b000000002102aa70,真的，建模惊艳太多了,真的，建模惊艳太多了,2026-02-05 04:38:19,4,2026-02-05,Thursday,博,黑龙江,5,0,10,10,0,1,0,0
698412ae000000000c00a55f,6984123b000000002102aa70,计划有变,计划有变,2026-02-05 03:46:54,3,2026-02-05,Thursday,去看海～,广东,3,0,4,4,0,1,0,0
69853a37000000001d00af58,6984123b000000002102aa70,超级可爱,超级可爱,2026-02-06 00:47:55,0,2026-02-06,Friday,卷心菜,四川,1,0,4,4,0,1,1,0
698459340000000011019b56,6984123b000000002102aa70,雾草 p2萌死我了,雾草 p2萌死我了,2026-02-05 08:47:48,8,2026-02-05,Thursday,你离开的那三年,河北,1,0,9,9,0,1,0,0
69842870000000000800caf0,6984123b000000002102aa70,笑起来好像维里奈（没有想在西格莉卡大人卡池歪到维里奈的意思）,笑起来好像维里奈（没有想在西格莉卡大人卡池歪到维里奈的意思）,2026-02-05 05:19:45,5,2026-02-05,Thursday,AKA庄安琦,上海,0,0,30,30,0,1,0,0
6985a451000000000b034233,6984123b000000002102aa70,我的0+1江湖梦又可以重出江湖了吗？,我的0+1江湖梦又可以重出江湖了吗？,2026-02-06 08:20:33,8,2026-02-06,Friday,大师兄喜欢在白兔镇打怪,意大利,1,1,18,18,0,1,0,0
698463cf000000000f02f180,6984123b000000002102aa70,哇塞，可以,哇塞，可以,2026-02-05 09:33:04,9,2026-02-05,Thursday,狮子爱拍照,广东,0,0,5,5,0,1,0,0
69843267000000000f02806c,6984123b000000002102aa70,哎呀，仇远售后来了,哎呀，仇远售后来了,2026-02-05 06:02:16,6,2026-02-05,Thursday,前途灿灿,广东,1,0,9,9,0,1,0,0
6984272d0000000009036b02,6984123b000000002102aa70,,,2026-02-05 05:14:22,5,2026-02-05,Thursday,凛_,浙江,1,0,0,0,1,1,1,0
69849b3b0000000009022b37,6984123b000000002102aa70,太可爱了，和维里奈一样圆脸圆眼睛，看立绘原本以为我对可爱少女无感的，这将是我鸣潮喜欢的第一个萌系女子[泪崩R],太可爱了，和维里奈一样圆脸圆眼睛，看立绘原本以为我对可爱少女无感的，这将是我鸣潮喜欢的第一个萌系女子,2026-02-05 13:29:31,13,2026-02-05,Thursday,张三,江西,0,0,55,50,0,1,0,0
69926b62000000000601d763,6984123b000000002102aa70,鸣潮的建模比立绘要好看,鸣潮的建模比立绘要好看,2026-02-16 00:57:07,0,2026-02-16,Monday,缘分的天空,新疆,0,0,11,11,0,1,0,0
6986ef55000000000b035aac,6984123b000000002102aa70,好萌……本来看立绘不打算抽的，建模实在太好看了[哭惹R],好萌……本来看立绘不打算抽的，建模实在太好看了,2026-02-07 07:52:53,7,2026-02-07,Saturday,雨悸、,贵州,3,0,28,23,0,1,0,0
698488110000000006008e6a,6984123b000000002102aa70,太可爱了，上次那么喜欢的还是守岸人,太可爱了，上次那么喜欢的还是守岸人,2026-02-05 12:07:46,12,2026-02-05,Thursday,我说得兑,湖北,0,0,17,17,0,1,0,0
698497a6000000000600a5a8,6984123b000000002102aa70,看前瞻立绘无感，一看实机又想抽了。,看前瞻立绘无感，一看实机又想抽了。,2026-02-05 13:14:15,13,2026-02-05,Thursday,qwertyuiop,江苏,1,0,17,17,0,1,0,0
69896688000000000600ef8e,6984123b000000002102aa70,你看你脸圆的,你看你脸圆的,2026-02-09 04:46:00,4,2026-02-09,Monday,?,辽宁,0,0,6,6,0,1,0,0
6984de04000000000c00a2b8,6984123b000000002102aa70,橘子汽水[派对R],橘子汽水,2026-02-05 18:14:28,18,2026-02-05,Thursday,。,浙江,0,0,9,4,0,1,0,0
698435cc000000000600f9ec,6984123b000000002102aa70,我也觉得建模比立绘好看，感觉鸣潮很多角色都这样,我也觉得建模比立绘好看，感觉鸣潮很多角色都这样,2026-02-05 06:16:45,6,2026-02-05,Thursday,南橘北木只,重庆,2,0,23,23,0,1,0,0
69848432000000000600f13d,6984123b000000002102aa70,应该说还原立绘了,应该说还原立绘了,2026-02-05 11:51:15,11,2026-02-05,Thursday,你看我的,江苏,0,0,8,8,0,1,0,0
69845d39000000000600d2dd,6984123b000000002102aa70,[哭惹R]求晚点上线，我抽小爱没星声了，还要肝一个陆hz，[捂脸R]肝不动啊,求晚点上线，我抽小爱没星声了，还要肝一个陆hz，肝不动啊,2026-02-05 09:04:57,9,2026-02-05,Thursday,遇见夏天,湖南,0,0,38,28,0,1,0,0
69b44a6c0000000018038423,69b3ffae00000000200398da,虽然但是这个手腕折叠……,虽然但是这个手腕折叠……,2026-03-13 17:33:33,17,2026-03-13,Friday,VitamaxC,上海,38,11,12,12,0,1,0,0
69b4080b0000000005038afc,69b3ffae00000000200398da,计划有变，只能给橘橘宝一个小保底了,计划有变，只能给橘橘宝一个小保底了,2026-03-13 12:50:21,12,2026-03-13,Friday,学个锤子,广东,70,7,17,17,0,1,1,0
69b400530000000002029a23,69b3ffae00000000200398da,这下看懂了,这下看懂了,2026-03-13 12:17:24,12,2026-03-13,Friday,隐耀ᓚᘏᗢ,江西,352,6,5,5,0,1,1,0
69b535af000000000f01d904,69b3ffae00000000200398da,爱可菲,爱可菲,2026-03-14 10:17:19,10,2026-03-14,Saturday,苹果ccc,黑龙江,0,5,3,3,0,1,0,0
69b64869000000000d0131eb,69b3ffae00000000200398da,耙耙柑变傻糖桔了,耙耙柑变傻糖桔了,2026-03-15 05:49:30,5,2026-03-15,Sunday,桥本安生,浙江,9,1,8,8,0,1,0,0
69b7a313000000000f02feef,69b3ffae00000000200398da,,,2026-03-16 06:28:47,6,2026-03-16,Monday,Orb莲,山西,2,0,0,0,1,1,1,0
69b5280c000000001501120a,69b3ffae00000000200398da,特别像丁丁历险记豆豆眼，我的童年[害羞R],特别像丁丁历险记豆豆眼，我的童年,2026-03-14 09:19:10,9,2026-03-14,Saturday,不知道2333,辽宁,3,0,21,16,0,1,1,0
69b780e2000000001400aa3b,69b3ffae00000000200398da,,,2026-03-16 04:02:43,4,2026-03-16,Monday,默泠,山东,0,0,0,0,1,1,1,0
69b77d350000000015007a4a,69b3ffae00000000200398da,阳光晒足180天粑粑柑真的好甜妹啊[笑哭R],阳光晒足180天粑粑柑真的好甜妹啊,2026-03-16 03:47:02,3,2026-03-16,Monday,欧皇啊,湖南,0,0,22,17,0,1,0,0
69b4b2b2000000001500ac23,69b3ffae00000000200398da,拉海洛菲比来了,拉海洛菲比来了,2026-03-14 00:58:27,0,2026-03-14,Saturday,忆梦,浙江,6,0,7,7,0,1,0,0
69b7c533000000000f018630,69b3ffae00000000200398da,有人知道潘多拉亚克特吗,有人知道潘多拉亚克特吗,2026-03-16 08:54:11,8,2026-03-16,Monday,星宇落穹,江西,0,0,11,11,0,1,0,0
69b4da75000000000c032ca1,69b3ffae00000000200398da,想在耙耙柑的大胯上狠狠捏一把[微笑R],想在耙耙柑的大胯上狠狠捏一把,2026-03-14 03:48:06,3,2026-03-14,Saturday,Perseus,北京,1,0,19,14,0,1,0,0
69b405a0000000001d00a69e,69b3ffae00000000200398da,怀疑我们小橘子被策划内涵了[失望R][失望R][失望R],怀疑我们小橘子被策划内涵了,2026-03-13 12:40:02,12,2026-03-13,Friday,moka,广东,7,0,28,13,0,1,1,0
69b43a570000000003010d49,69b3ffae00000000200398da,《你把我闺蜜打死了？！》,《你把我闺蜜打死了？！》,2026-03-13 16:24:56,16,2026-03-13,Friday,YaoYaoCheckout,加拿大,6,0,12,12,0,1,0,0
69b444cb000000000103c0db,69b3ffae00000000200398da,上面那张表情像那个拉长的缇宝表情包笑死了,上面那张表情像那个拉长的缇宝表情包笑死了,2026-03-13 17:09:32,17,2026-03-13,Friday,sunset on HOSC,上海,2,0,20,20,0,1,0,0
69b4494300000000090351ff,69b3ffae00000000200398da,好q弹一颗小粑粑柑[色色R],好q弹一颗小粑粑柑,2026-03-13 17:28:36,17,2026-03-13,Friday,总有清风拂,陕西,0,0,14,9,0,1,0,0
69b44acc0000000002028536,69b3ffae00000000200398da,好可爱……,好可爱……,2026-03-13 17:35:09,17,2026-03-13,Friday,成渝,新疆,0,0,5,5,0,1,0,0
69b43fea0000000001006634,69b3ffae00000000200398da,耙耙柑[偷笑R],耙耙柑,2026-03-13 16:48:42,16,2026-03-13,Friday,Allan,湖南,0,0,8,3,0,1,0,0
69b40729000000001101b25d,69b3ffae00000000200398da,好萌,好萌,2026-03-13 12:46:33,12,2026-03-13,Friday,周癸,浙江,0,0,2,2,0,1,0,0
69b4ba1f000000000c0309ec,69b3ffae00000000200398da,哪看的,哪看的,2026-03-14 01:30:08,1,2026-03-14,Saturday,阿贺,江西,0,1,3,3,0,1,0,0
69b436d10000000002029588,69b3ffae00000000200398da,太萌了,太萌了,2026-03-13 16:09:54,16,2026-03-13,Friday,萝莉正太我亲亲亲亲亲亲,辽宁,0,0,3,3,0,1,0,0
69b4d55c000000000f02ebc6,69b3ffae00000000200398da,好像骨王里面的二重幻影啊哈哈哈哈,好像骨王里面的二重幻影啊哈哈哈哈,2026-03-14 03:26:20,3,2026-03-14,Saturday,青山indigo,吉林,0,0,16,16,0,1,0,0
69b40017000000000d03ddf9,69b3ffae00000000200398da,😱,😱,2026-03-13 12:16:24,12,2026-03-13,Friday,我差不多可以滚了,河北,4,1,1,1,0,1,0,0
69b40e260000000015006512,69b3ffae00000000200398da,😮,😮,2026-03-13 13:16:22,13,2026-03-13,Friday,味儿肘,河北,0,0,1,1,0,1,0,0
69b4c80e000000000c03094b,69b3ffae00000000200398da,[微笑R],,2026-03-14 02:29:35,2,2026-03-14,Saturday,清平,中国香港,4,0,5,0,1,1,1,0
69b65ffc0000000003011fb2,69b3ffae00000000200398da,有点像爱可菲,有点像爱可菲,2026-03-15 07:30:05,7,2026-03-15,Sunday,苹果ccc,黑龙江,0,11,6,6,0,1,0,0
69b61e6b000000000100661b,69b3ffae00000000200398da,@月亮也会落山吗 ,,2026-03-15 02:50:19,2,2026-03-15,Sunday,奥的灰烬,江苏,0,0,9,0,1,1,0,0
69b5489f000000001500330c,69b3ffae00000000200398da,@辰辰,,2026-03-14 11:38:07,11,2026-03-14,Saturday,景惗.,上海,0,0,3,0,1,1,0,0
69b42a12000000000d03c72c,69b3ffae00000000200398da,@XMountain [笑哭R],,2026-03-13 15:15:30,15,2026-03-13,Friday,Fod,江苏,0,0,16,0,1,1,0,0
69bbd0dd0000000002029696,69ba9dca000000002102dfb9,好棒[派对R],好棒,2026-03-19 10:33:03,10,2026-03-19,Thursday,蓝茝,四川,9,1,7,2,0,1,1,0
69bd5ed4000000000d034e8b,69ba9dca000000002102dfb9,wdf，仓鼠太太，初中看您画舰r，大学看您画鸣潮，神了,wdf，仓鼠太太，初中看您画舰r，大学看您画鸣潮，神了,2026-03-20 14:51:02,14,2026-03-20,Friday,..,湖北,0,0,27,27,0,1,1,0
69bd0ab900000000150019cc,69ba9dca000000002102dfb9,宝宝好萌🥺,宝宝好萌🥺,2026-03-20 08:52:09,8,2026-03-20,Friday,竹砚芙,江西,0,0,5,5,0,1,0,0
69bcde80000000001500fa22,69ba9dca000000002102dfb9,可爱,可爱,2026-03-20 05:43:29,5,2026-03-20,Friday,Ringo77,江苏,0,0,2,2,0,1,0,0
69bd8f480000000032003459,69ba9dca000000002102dfb9,我去萌鼠了，本来下午垫池子突然出了我还在心痛（因为本来没队友没打算抽）现在一看到这个图什么都烟消云散了[皱眉R],我去萌鼠了，本来下午垫池子突然出了我还在心痛（因为本来没队友没打算抽）现在一看到这个图什么都烟消云散了,2026-03-20 18:17:44,18,2026-03-20,Friday,＄+富贵＋￥,重庆,0,0,56,51,0,1,0,0
69bba136000000001101a119,69ba9dca000000002102dfb9,,,2026-03-19 07:09:44,7,2026-03-19,Thursday,卷毛小泡面🍜,广东,0,0,0,0,1,1,1,0
69bcafad000000000d035f0a,69ba9dca000000002102dfb9,好可爱呀[哇R][哇R][哇R][哇R][哇R],好可爱呀,2026-03-20 02:23:42,2,2026-03-20,Friday,车厘子🍒（接稿中）,北京,0,0,24,4,0,1,0,0
69bbd49b000000000c0305f1,69ba9dca000000002102dfb9,好可爱[皱眉R],好可爱,2026-03-19 10:48:59,10,2026-03-19,Thursday,临风回眸,湖北,0,0,8,3,0,1,0,0
69bcf3260000000002028bc7,69ba9dca000000002102dfb9,好看[哇R],好看,2026-03-20 07:11:34,7,2026-03-20,Friday,Henry翰霖,广东,0,0,6,2,0,1,0,0
69bba8af000000001500c6f9,69ba9dca000000002102dfb9,西格莉卡,西格莉卡,2026-03-19 07:41:36,7,2026-03-19,Thursday,克薇洛苏.每塔歌,湖北,0,0,4,4,0,1,0,0
69bc347a000000001400a918,69ba9dca000000002102dfb9,不要再骗我抽了[捂脸R],不要再骗我抽了,2026-03-19 17:38:02,17,2026-03-19,Thursday,无法上吊之物,加拿大,0,0,12,7,0,1,0,0
69bbeb3d000000000d03d90d,69ba9dca000000002102dfb9,太萌！,太萌！,2026-03-19 12:25:35,12,2026-03-19,Thursday,板栗鼠（崩鸣绝）,四川,0,0,3,3,0,1,1,0
69bc307200000000150022e6,69ba9dca000000002102dfb9,[完啦R][完啦R][完啦R]西宝，今天我抽你，你怎么变成打太极拳的妹妹了[完啦R][完啦R][完啦R],西宝，今天我抽你，你怎么变成打太极拳的妹妹了,2026-03-19 17:20:51,17,2026-03-19,Thursday,海晓心,广东,0,0,52,22,0,1,0,0
69bb9b35000000000c031ebc,69ba9dca000000002102dfb9,真好看,真好看,2026-03-19 06:44:06,6,2026-03-19,Thursday,月下初拥,四川,0,0,3,3,0,1,1,0
69bc2ac1000000001400b3db,69ba9dca000000002102dfb9,可爱,可爱,2026-03-19 16:56:34,16,2026-03-19,Thursday,pupu,海南,0,0,2,2,0,1,0,0
69bba26a000000000d034dce,69ba9dca000000002102dfb9,耙耙柑这个萌,耙耙柑这个萌,2026-03-19 07:14:51,7,2026-03-19,Thursday,煮药隐酒香,四川,0,0,6,6,0,1,0,0
69bc037e0000000002028b19,69ba9dca000000002102dfb9,我要喂Ai[偷笑R],我要喂Ai,2026-03-19 14:09:02,14,2026-03-19,Thursday,蔷蔷镌雕,江苏,0,0,10,5,0,1,0,0
69bbbdb5000000000f01b794,69ba9dca000000002102dfb9,可爱[飞吻R],可爱,2026-03-19 09:11:18,9,2026-03-19,Thursday,未央,湖北,0,0,7,2,0,1,0,0
69bbee10000000000f02e380,69ba9dca000000002102dfb9,萌萌小耙耙柑[色色R],萌萌小耙耙柑,2026-03-19 12:37:37,12,2026-03-19,Thursday,咕咕牧枭,广西,0,0,11,6,0,1,0,0
69bbc667000000000103c8a9,69ba9dca000000002102dfb9,萌死了[皱眉R],萌死了,2026-03-19 09:48:24,9,2026-03-19,Thursday,momo,山东,0,0,8,3,0,1,0,0
69bba2f1000000001500646d,69ba9dca000000002102dfb9,仓鼠老师,仓鼠老师,2026-03-19 07:17:06,7,2026-03-19,Thursday,空海Sea,湖北,0,0,4,4,0,1,0,0
69bb9dcb00000000150090fb,69ba9dca000000002102dfb9,画的好好[萌萌哒R],画的好好,2026-03-19 06:55:08,6,2026-03-19,Thursday,落雪时再见吧,重庆,0,0,10,4,0,1,0,0
69bb7e810000000002035343,69ba9dca000000002102dfb9,太萌力🍊🍊,太萌力🍊🍊,2026-03-19 04:41:37,4,2026-03-19,Thursday,鸢,江苏,0,0,5,5,0,1,0,0
69bba9d9000000001d00964d,69ba9dca000000002102dfb9,太可爱了啊啊啊,太可爱了啊啊啊,2026-03-19 07:46:34,7,2026-03-19,Thursday,宋.,上海,0,0,7,7,0,1,0,0
69bb7376000000000202beda,69ba9dca000000002102dfb9,好萌！！！,好萌！！！,2026-03-19 03:54:30,3,2026-03-19,Thursday,鱼二睡大觉（歪卡道心破碎版）,广东,1,0,5,5,0,1,0,0
69bb7b300000000018039412,69ba9dca000000002102dfb9,,,2026-03-19 04:27:29,4,2026-03-19,Thursday,归雁无期,安徽,0,0,0,0,1,1,1,0
69bd753e000000000103dd30,69ba9dca000000002102dfb9,[飞吻R],,2026-03-20 16:26:38,16,2026-03-20,Friday,佛岸梵,广西,0,0,5,0,1,1,0,0
69bb7545000000000203763c,69ba9dca000000002102dfb9,萌,萌,2026-03-19 04:02:13,4,2026-03-19,Thursday,先走为上（在隔壁当水电工）,广东,0,0,1,1,0,1,0,0
69b936600000000003010112,69b91ae50000000020038a6c,你是说，她是做粪便回收的？,你是说，她是做粪便回收的？,2026-03-17 11:09:20,11,2026-03-17,Tuesday,海洋,广西,432,11,13,13,0,1,0,0
69b9f5e8000000000203739a,69b91ae50000000020038a6c,之前纠正耙耙柑不是粑粑柑的估计天要塌了,之前纠正耙耙柑不是粑粑柑的估计天要塌了,2026-03-18 00:46:32,0,2026-03-18,Wednesday,玄蕲,福建,45,1,19,19,0,1,0,0
69b95198000000001d009271,69b91ae50000000020038a6c,,,2026-03-17 13:05:29,13,2026-03-17,Tuesday,吱朱喵！,江苏,89,5,0,0,1,1,0,0
69b92b3f0000000016014cc8,69b91ae50000000020038a6c,有没有可能吸收的本身就是结晶里的能量，就像修仙吸收灵石那样？,有没有可能吸收的本身就是结晶里的能量，就像修仙吸收灵石那样？,2026-03-17 10:21:51,10,2026-03-17,Tuesday,渔乐人生,湖南,5,1,30,30,0,1,0,0
69b9aa0c000000000103d050,69b91ae50000000020038a6c,这下真的粑粑柑了,这下真的粑粑柑了,2026-03-17 19:22:52,19,2026-03-17,Tuesday,小李的号,浙江,4,0,8,8,0,1,0,0
69b9cd0a00000000150135b3,69b91ae50000000020038a6c,那不就是耙...粑粑柑了嘛[偷笑R],那不就是耙...粑粑柑了嘛,2026-03-17 21:52:11,21,2026-03-17,Tuesday,Argonaut,贵州,8,0,18,13,0,1,0,0
69ba2ce8000000000100496f,69b91ae50000000020038a6c,我超，原来是个搬💩的。更喜欢了[doge],我超，原来是个搬💩的。更喜欢了,2026-03-18 04:41:13,4,2026-03-18,Wednesday,瀟䵻,广东,3,0,21,15,0,1,0,0
69b972d8000000000d037bfd,69b91ae50000000020038a6c,耙耙柑铲屎官,耙耙柑铲屎官,2026-03-17 15:27:21,15,2026-03-17,Tuesday,鸭子蛋,广东,19,0,6,6,0,1,1,0
69ba15a6000000001400a282,69b91ae50000000020038a6c,这不太正常了，现实里直接收集牛粪存着做燃料。这个好歹是纯无机物[doge],这不太正常了，现实里直接收集牛粪存着做燃料。这个好歹是纯无机物,2026-03-18 03:01:58,3,2026-03-18,Wednesday,发自真心红书油饼,四川,5,0,37,31,0,1,0,0
69ba02b90000000009006d53,69b91ae50000000020038a6c,正宗粑粑柑,正宗粑粑柑,2026-03-18 01:41:14,1,2026-03-18,Wednesday,折光,云南,2,0,5,5,0,1,0,0
69b966ad0000000009006817,69b91ae50000000020038a6c,机械体应该不会拉式吧...,机械体应该不会拉式吧...,2026-03-17 14:35:25,14,2026-03-17,Tuesday,Eclipse冬_,黑龙江,6,0,13,13,0,1,0,0
69b94ea50000000016017ed0,69b91ae50000000020038a6c,哈基麋应该没消化就出来了 毕竟是机械体[笑哭R],哈基麋应该没消化就出来了 毕竟是机械体,2026-03-17 12:52:53,12,2026-03-17,Tuesday,momo,广东,11,0,24,19,0,1,0,0
69b96d0b00000000010057bb,69b91ae50000000020038a6c,还是给河南妮，清早起来去拾粪……,还是给河南妮，清早起来去拾粪……,2026-03-17 15:02:36,15,2026-03-17,Tuesday,王山而,安徽,6,0,16,16,0,1,0,0
69b96779000000000202890f,69b91ae50000000020038a6c,这下真是挑粪的了,这下真是挑粪的了,2026-03-17 14:38:49,14,2026-03-17,Tuesday,粉色裤头,江西,9,0,8,8,0,1,0,0
69b9ecfa000000001d00dd91,69b91ae50000000020038a6c,这个也是，也很重要！,这个也是，也很重要！,2026-03-18 00:08:28,0,2026-03-18,Wednesday,卯惊辰,湖南,4,0,10,10,0,1,1,0
69ba0424000000000f0280f9,69b91ae50000000020038a6c,搬💩大王，Q群里很多[害羞R],搬💩大王，Q群里很多,2026-03-18 01:47:17,1,2026-03-18,Wednesday,叁芜芜,浙江,2,0,15,10,0,1,0,0
69ba86d10000000003011d80,69b91ae50000000020038a6c,[汗颜R]这是隧群，就是那个形态像🐮而已，不能当做一餐家畜的排泄物看待,这是隧群，就是那个形态像🐮而已，不能当做一餐家畜的排泄物看待,2026-03-18 11:04:49,11,2026-03-18,Wednesday,shadowicy,广东,0,0,35,30,0,1,0,0
69b974f20000000015009d23,69b91ae50000000020038a6c,清早起来去拾粪是吧？[笑哭R],清早起来去拾粪是吧？,2026-03-17 15:36:19,15,2026-03-17,Tuesday,Will,英国,3,0,15,10,0,1,0,0
69b93e5a000000000d03792b,69b91ae50000000020038a6c,机麋：遇见矿石，吃定矿石（？）,机麋：遇见矿石，吃定矿石（？）,2026-03-17 11:43:22,11,2026-03-17,Tuesday,肆野燎原,广东,11,0,15,15,0,1,0,0
69b980bc000000000c030287,69b91ae50000000020038a6c,[doge]无机物不含细菌,无机物不含细菌,2026-03-17 16:26:36,16,2026-03-17,Tuesday,momo,广东,4,0,13,7,0,1,0,0
69b9cc8f0000000002028635,69b91ae50000000020038a6c,粑…粑粑柑？,粑…粑粑柑？,2026-03-17 21:50:08,21,2026-03-17,Tuesday,蝶梦语花,辽宁,1,0,6,6,0,1,0,0
69b94c0f000000001d0088c4,69b91ae50000000020038a6c,特别想彩虹豆的老广告,特别想彩虹豆的老广告,2026-03-17 12:41:51,12,2026-03-17,Tuesday,不辞远,北京,6,0,10,10,0,1,0,0
69b986040000000015005f1c,69b91ae50000000020038a6c,[doge]这玩意我隔壁zmd用都用不完,这玩意我隔壁zmd用都用不完,2026-03-17 16:49:09,16,2026-03-17,Tuesday,全速反方向前进,江苏,1,0,20,14,0,1,0,0
69b98334000000000c03081f,69b91ae50000000020038a6c,谢谢你，我回不去了[黄金薯R],谢谢你，我回不去了,2026-03-17 16:37:09,16,2026-03-17,Tuesday,我炫炫炫,天津,0,0,15,9,0,1,0,0
69b9843f000000000d013910,69b91ae50000000020038a6c,那很接地气了[黄金薯R],那很接地气了,2026-03-17 16:41:36,16,2026-03-17,Tuesday,真的是你娅,广东,0,0,12,6,0,1,0,0
69b9fdae000000000103c6e2,69b91ae50000000020038a6c,这也是一种 矿石生产线？,这也是一种 矿石生产线？,2026-03-18 01:19:42,1,2026-03-18,Wednesday,啊哈,广东,1,0,12,12,0,1,0,0
69ba1e42000000000f028561,69b91ae50000000020038a6c,什么叫，西格莉卡拉的是什么[石化R][doge],什么叫，西格莉卡拉的是什么,2026-03-18 03:38:42,3,2026-03-18,Wednesday,怪奇时光图书馆&WallPaper,云南,0,0,24,13,0,1,0,0
69b96e3c000000000103e830,69b91ae50000000020038a6c,真成粑粑柑了[皱眉R],真成粑粑柑了,2026-03-17 15:07:41,15,2026-03-17,Tuesday,勒柯布西椰,江苏,1,0,11,6,0,1,0,0
69ba177800000000150053dc,69b91ae50000000020038a6c,挑粪工，牢西[坏笑R],挑粪工，牢西,2026-03-18 03:09:44,3,2026-03-18,Wednesday,奥星那,河南,0,0,11,6,0,1,0,0
69b92854000000000f018927,69b91ae50000000020038a6c,zmd：紫金矿产牛粪,zmd：紫金矿产牛粪,2026-03-17 10:09:24,10,2026-03-17,Tuesday,引蝶留香,陕西,12,0,10,10,0,1,0,0
6985c4d3000000000c015c67,698419f2000000000a03fb11,[偷笑R]我一下能想到的4位圆眼萌妹,我一下能想到的4位圆眼萌妹,2026-02-06 10:39:17,10,2026-02-06,Friday,Nicole🐱,广东,254,36,18,13,0,1,1,0
6984245e0000000009023c70,698419f2000000000a03fb11,我的 8 命安可难道不是圆眼睛萌妹吗,我的 8 命安可难道不是圆眼睛萌妹吗,2026-02-05 05:02:23,5,2026-02-05,Thursday,丨落雨,广东,516,22,18,18,0,1,1,0
69846c070000000009037acb,698419f2000000000a03fb11,,,2026-02-05 10:08:09,10,2026-02-05,Thursday,💰💰💰,广东,357,9,0,0,1,1,1,0
69842d9500000000180206ee,698419f2000000000a03fb11,丹瑾,丹瑾,2026-02-05 05:41:43,5,2026-02-05,Thursday,김예묵,四川,197,6,2,2,0,1,1,0
698af6fb000000000c0166e2,698419f2000000000a03fb11,刷到这个 或许圆眼萌妹是拯救小爱的关键,刷到这个 或许圆眼萌妹是拯救小爱的关键,2026-02-10 09:14:36,9,2026-02-10,Tuesday,努力,江西,41,6,19,19,0,1,1,0
69841a57000000000c016b8a,698419f2000000000a03fb11,柯莱塔的眼睛也挺圆的,柯莱塔的眼睛也挺圆的,2026-02-05 04:19:36,4,2026-02-05,Thursday,龙卷风吹雪,广东,21,2,10,10,0,1,0,0
698420aa000000000600c5d8,698419f2000000000a03fb11,维里奈不也是吗,维里奈不也是吗,2026-02-05 04:46:35,4,2026-02-05,Thursday,鱼小喵,广东,1,4,7,7,0,1,0,0
69846452000000000b0346c8,698419f2000000000a03fb11,其实鉴心也是这个眼型，开服就有了,其实鉴心也是这个眼型，开服就有了,2026-02-05 09:35:15,9,2026-02-05,Thursday,哈基米南北绿豆,天津,40,2,16,16,0,1,0,0
698f2a10000000000f00d3cd,698419f2000000000a03fb11,我记得当初闹出wuwaface节奏就是眼型相同误以为建模相同，结果事实是制作组xp喜欢御姐所以眼型都是狭长上挑罢了[笑哭R],我记得当初闹出wuwaface节奏就是眼型相同误以为建模相同，结果事实是制作组xp喜欢御姐所以眼型都是狭长上挑罢了,2026-02-13 13:41:36,13,2026-02-13,Friday,我要看恋死,河北,2,0,62,57,0,1,0,0
698c4411000000000600b8ac,698419f2000000000a03fb11,我一直以为西格莉卡才是挂聚爆的副c，很符合罗伊族崇尚太阳和引导日灵而衍生出的热熔属性[捂脸R]发色和整体风格也很协调,我一直以为西格莉卡才是挂聚爆的副c，很符合罗伊族崇尚太阳和引导日灵而衍生出的热熔属性发色和整体风格也很协调,2026-02-11 08:55:45,8,2026-02-11,Wednesday,琥珀&绿松石,湖南,1,0,58,53,0,1,0,0
69846b9500000000110199cd,698419f2000000000a03fb11,阿漂自言自语被西格莉卡蛐蛐了[doge],阿漂自言自语被西格莉卡蛐蛐了,2026-02-05 10:06:14,10,2026-02-05,Thursday,等一场大风把我刮走,江苏,2,0,20,14,0,1,0,0
69848fa10000000004003462,698419f2000000000a03fb11,灯灯：？（无恶意）,灯灯：？（无恶意）,2026-02-05 12:40:02,12,2026-02-05,Thursday,DAMIDAMI,广东,2,0,9,9,0,1,0,0
6984c574000000000600bb0b,698419f2000000000a03fb11,感觉她的五官比例脸型看起来好正常，建模终于不是看起来头扁扁的了,感觉她的五官比例脸型看起来好正常，建模终于不是看起来头扁扁的了,2026-02-05 16:29:41,16,2026-02-05,Thursday,Tʜᴇ ғᴜᴛᴜʀᴇ,广东,7,1,31,31,0,1,0,0
69845a690000000030024ccf,698419f2000000000a03fb11,鸣潮角色的眼睛还是很多变的，然后还是有小鬼喜欢玩wuwa脸的梗[汗颜R],鸣潮角色的眼睛还是很多变的，然后还是有小鬼喜欢玩wuwa脸的梗,2026-02-05 08:52:58,8,2026-02-05,Thursday,Prime,意大利,2,0,36,31,0,1,0,0
69841bac000000000f02d1d4,698419f2000000000a03fb11,西格莉卡萌的我一直在哭,西格莉卡萌的我一直在哭,2026-02-05 04:25:16,4,2026-02-05,Thursday,诶嘿,广东,7,1,11,11,0,1,0,0
699aa45a0000000008033c76,698419f2000000000a03fb11,,,2026-02-22 06:38:20,6,2026-02-22,Sunday,月色满人间,四川,0,0,0,0,1,1,1,0
698c53c0000000001d00867a,698419f2000000000a03fb11,令人羡慕的发量，美人尖居然能编辫子[哭惹R][哭惹R][哭惹R],令人羡慕的发量，美人尖居然能编辫子,2026-02-11 10:02:41,10,2026-02-11,Wednesday,钟爱甜味,福建,0,0,32,17,0,1,0,0
69846fe5000000001d00c0b9,698419f2000000000a03fb11,菲比！菲比！,菲比！菲比！,2026-02-05 10:24:38,10,2026-02-05,Thursday,SlyHands,陕西,3,0,6,6,0,1,0,0
6984afff000000001d00ca0a,698419f2000000000a03fb11,柯莱塔眼睛最大,柯莱塔眼睛最大,2026-02-05 14:58:07,14,2026-02-05,Thursday,錯乱,湖北,0,1,7,7,0,1,0,0
698b4246000000000601f6c2,698419f2000000000a03fb11,宝宝,宝宝,2026-02-10 14:35:51,14,2026-02-10,Tuesday,saika,重庆,0,0,2,2,0,1,0,0
69845993000000000800d331,698419f2000000000a03fb11,建模比立绘好看耶[棒R],建模比立绘好看耶,2026-02-05 08:49:23,8,2026-02-05,Thursday,Ste,广东,1,0,12,8,0,1,0,0
698447ac00000000080306fb,698419f2000000000a03fb11,第一张第二个旁边那个闭眼少女素？可爱嘚嘞！[飞吻R],第一张第二个旁边那个闭眼少女素？可爱嘚嘞！,2026-02-05 07:33:00,7,2026-02-05,Thursday,未离墨,陕西,0,1,26,21,0,1,0,0
6984c7f20000000006009a4a,698419f2000000000a03fb11,橘子小蛋糕来的,橘子小蛋糕来的,2026-02-05 16:40:18,16,2026-02-05,Thursday,Magdalen,上海,0,0,7,7,0,1,0,0
698487a3000000000f028e91,698419f2000000000a03fb11,萌成啥了[抽泣R],萌成啥了,2026-02-05 12:05:56,12,2026-02-05,Thursday,起司公主玩红薯TT,海南,0,0,9,4,0,1,0,0
6984c127000000000f0289ee,698419f2000000000a03fb11,好萌好萌,好萌好萌,2026-02-05 16:11:19,16,2026-02-05,Thursday,hllll,北京,0,0,4,4,0,1,0,0
6984d74f0000000018039d80,698419f2000000000a03fb11,还是少见的橘色头发[派对R],还是少见的橘色头发,2026-02-05 17:45:51,17,2026-02-05,Thursday,谢孟析,江苏,0,0,14,9,0,1,0,0
69846262000000000b034ec5,698419f2000000000a03fb11,好萌的妹宝……,好萌的妹宝……,2026-02-05 09:26:58,9,2026-02-05,Thursday,栮困,浙江,3,0,7,7,0,1,0,0
6985b2b3000000000c00baee,698419f2000000000a03fb11,这眼睛不就是柯莱塔吗？[偷笑R],这眼睛不就是柯莱塔吗？,2026-02-06 09:21:56,9,2026-02-06,Friday,许千爱,广西,0,0,16,11,0,1,0,0
6984d93700000000110186af,698419f2000000000a03fb11,她好可爱呀,她好可爱呀,2026-02-05 17:54:00,17,2026-02-05,Thursday,Sallot,北京,0,0,5,5,0,1,0,0
698551510000000018022491,698419f2000000000a03fb11,我已经看着西格莉卡流口水了，什么叫昨天卡池刚开，3.2还有40天[哭惹R],我已经看着西格莉卡流口水了，什么叫昨天卡池刚开，3.2还有40天,2026-02-06 02:26:27,2,2026-02-06,Friday,机关,福建,0,0,37,32,0,1,1,0
69284b5c000000000601b2ca,692814ba000000001e03431c,萌洗了,萌洗了,2025-11-27 13:00:13,13,2025-11-27,Thursday,花瑶,浙江,10,0,3,3,0,1,1,0
692902a000000000380162a3,692814ba000000001e03431c,好快的一个出，这，就叫专业,好快的一个出，这，就叫专业,2025-11-28 02:02:11,2,2025-11-28,Friday,枪旗,四川,4,0,13,13,0,1,1,0
6928e866000000003803f687,692814ba000000001e03431c,欢迎加入,欢迎加入,2025-11-28 00:10:15,0,2025-11-28,Friday,汐希,广东,1,0,4,4,0,1,1,0
6928dd7b000000001502f14b,692814ba000000001e03431c,就这么萌！,就这么萌！,2025-11-27 23:23:40,23,2025-11-27,Thursday,黄桃,福建,1,0,5,5,0,1,0,0
6929746b000000003900351d,692814ba000000001e03431c,萌死了,萌死了,2025-11-28 10:07:39,10,2025-11-28,Friday,一口岁岁冰,上海,0,0,3,3,0,1,0,0
69284ee100000000380256d6,692814ba000000001e03431c,好快的cos！,好快的cos！,2025-11-27 13:15:14,13,2025-11-27,Thursday,Muppet,广东,0,0,7,7,0,1,0,0
69282c00000000001601fa4f,692814ba000000001e03431c,玛雅好萌好萌[皱眉R],玛雅好萌好萌,2025-11-27 10:46:24,10,2025-11-27,Thursday,菠萝吹雪,贵州,0,0,11,6,0,1,0,0
69281752000000001601c009,692814ba000000001e03431c,妖皇好美[哇R][哇R][哇R],妖皇好美,2025-11-27 09:18:11,9,2025-11-27,Thursday,闲人散事,浙江,1,0,16,4,0,1,0,0
692816ac0000000016021b95,692814ba000000001e03431c,这腿也太好看了吧[哭惹R],这腿也太好看了吧,2025-11-27 09:15:25,9,2025-11-27,Thursday,素爱呆了,山东,0,0,13,8,0,1,0,0
692834f7000000001d02648a,692814ba000000001e03431c,好萌[哇R],好萌,2025-11-27 11:24:39,11,2025-11-27,Thursday,阿秋耶耶耶（Milky）,英国,0,0,6,2,0,1,0,0
69281be2000000001601ef06,692814ba000000001e03431c,宝宝好萌🥺,宝宝好萌🥺,2025-11-27 09:37:39,9,2025-11-27,Thursday,青荷沐夏,北京,0,0,5,5,0,1,0,0
6928665d000000003800a5a0,692814ba000000001e03431c,,,2025-11-27 14:55:26,14,2025-11-27,Thursday,药,山东,0,0,0,0,1,1,1,0
69282884000000001d0253e2,692814ba000000001e03431c,呀   喜欢,呀 喜欢,2025-11-27 10:31:32,10,2025-11-27,Thursday,0311,贵州,0,0,6,4,0,1,0,0
692826ba0000000006018935,692814ba000000001e03431c,好看好看,好看好看,2025-11-27 10:23:55,10,2025-11-27,Thursday,小红薯0l3782lenc2100c,上海,0,0,4,4,0,1,0,0
69281dd800000000390060dc,692814ba000000001e03431c,如此萌,如此萌,2025-11-27 09:46:01,9,2025-11-27,Thursday,御子秧,安徽,0,0,3,3,0,1,1,0
69281add000000000e037d95,692814ba000000001e03431c,太快了！！！！！！！,太快了！！！！！！！,2025-11-27 09:33:18,9,2025-11-27,Thursday,爱吃荔枝的雨雨,上海,0,0,10,10,0,1,0,0
6929b2ad00000000380315c9,692814ba000000001e03431c,这就有衣服了🥺,这就有衣服了🥺,2025-11-28 14:33:17,14,2025-11-28,Friday,溺死的鱼,上海,0,0,7,7,0,1,0,0
69282f21000000003900891e,692814ba000000001e03431c,这么快老婆！,这么快老婆！,2025-11-27 10:59:46,10,2025-11-27,Thursday,江南帅哥,广东,0,0,6,6,0,1,0,0
69282fd40000000006018ada,692814ba000000001e03431c,好萌啊啊啊啊啊,好萌啊啊啊啊啊,2025-11-27 11:02:45,11,2025-11-27,Thursday,秋鹊鹊子_,广东,0,0,7,7,0,1,0,0
692a58bf000000001601e1cb,692814ba000000001e03431c,太萌了吧,太萌了吧,2025-11-29 02:21:52,2,2025-11-29,Saturday,卦姬,广东,0,0,4,4,0,1,0,0
69284a080000000039001bbe,692814ba000000001e03431c,好美,好美,2025-11-27 12:54:32,12,2025-11-27,Thursday,ayaka,江苏,0,0,2,2,0,1,0,0
6928a32e00000000060198f1,692814ba000000001e03431c,,,2025-11-27 19:14:55,19,2025-11-27,Thursday,祈愿,广西,0,0,0,0,1,1,1,0
69281c00000000001403cf81,692814ba000000001e03431c,好萌,好萌,2025-11-27 09:38:08,9,2025-11-27,Thursday,清瑶,四川,0,0,2,2,0,1,0,0
69282f140000000039004c0c,692814ba000000001e03431c,最喜欢的两个,最喜欢的两个,2025-11-27 10:59:35,10,2025-11-27,Thursday,momo,广东,0,0,6,6,0,1,1,0
692817950000000038014669,692814ba000000001e03431c,这么萌的西格莉卡,这么萌的西格莉卡,2025-11-27 09:19:18,9,2025-11-27,Thursday,莫利hong,湖南,0,0,8,8,0,1,0,0
69282cb50000000038017398,692814ba000000001e03431c,好萌啊啊啊,好萌啊啊啊,2025-11-27 10:49:28,10,2025-11-27,Thursday,浮浮,匈牙利,0,0,5,5,0,1,1,0
69285c98000000001502dc19,692814ba000000001e03431c,@许以鸢尾定情 仙品啊啊啊啊啊,仙品啊啊啊啊啊,2025-11-27 14:13:45,14,2025-11-27,Thursday,一只酱酱鸭,河南,1,0,15,7,0,1,0,0
69340a47000000001601ee15,692814ba000000001e03431c,[扯脸H],,2025-12-06 10:49:43,10,2025-12-06,Saturday,目小卌,广西,0,0,5,0,1,1,0,0
6928e33b0000000039009f90,692814ba000000001e03431c,[笑哭R][偷笑R][飞吻R],,2025-11-27 23:48:12,23,2025-11-27,Thursday,无术的猫猫,山东,0,0,15,0,1,1,0,0
692db6dd0000000038013133,692814ba000000001e03431c,@玄岑岑岑 好快的速度，萌之,好快的速度，萌之,2025-12-01 15:40:14,15,2025-12-01,Monday,无机盐,安徽,1,1,14,8,0,1,1,0
6984ead30000000009037ff8,6984eaa0000000002202119d,萌！,萌！,2026-02-05 19:09:08,19,2026-02-05,Thursday,余衣榴,江西,0,4,2,2,0,1,0,0
6984f079000000000503125f,6984eaa0000000002202119d,画完了简直神[哇R],画完了简直神,2026-02-05 19:33:14,19,2026-02-05,Thursday,KEI,湖南,0,1,10,6,0,1,0,0
69853b7f000000000d012084,6984eaa0000000002202119d,非常非常萌的宝宝,非常非常萌的宝宝,2026-02-06 00:53:19,0,2026-02-06,Friday,半半,广东,1,0,8,8,0,1,0,0
69856444000000001101a166,6984eaa0000000002202119d,好美好萌,好美好萌,2026-02-06 03:47:17,3,2026-02-06,Friday,晚泊舟,浙江,1,0,4,4,0,1,1,0
698744c80000000005032e88,6984eaa0000000002202119d,小橘子这个萌[皱眉R],小橘子这个萌,2026-02-07 13:57:29,13,2026-02-07,Saturday,临风回眸,湖北,1,0,11,6,0,1,0,0
6985b82a00000000110180e4,6984eaa0000000002202119d,萌神。,萌神。,2026-02-06 09:45:14,9,2026-02-06,Friday,无尽夏,辽宁,0,0,3,3,0,1,0,0
69bb7719000000001d00ff77,69ba9b4d000000002200fa2c,我去女神更新了！好美啊耙耙柑推看完幸福死去。。。,我去女神更新了！好美啊耙耙柑推看完幸福死去。。。,2026-03-19 04:10:02,4,2026-03-19,Thursday,ᅠᅠᅠ,陕西,1,1,24,24,0,1,0,0
69bb78f90000000018039fc5,69ba9b4d000000002200fa2c,女神更新了！！好美！！,女神更新了！！好美！！,2026-03-19 04:18:02,4,2026-03-19,Thursday,-啊瓜呱呱-,江西,1,1,11,11,0,1,1,0
69bd9eb90000000016015c31,69ba9b4d000000002200fa2c,神构图,神构图,2026-03-20 19:23:37,19,2026-03-20,Friday,宇宙指烦针,山东,0,0,3,3,0,1,0,0
69bd3898000000000d03ff6b,69ba9b4d000000002200fa2c,这个颜色也太美了[皱眉R],这个颜色也太美了,2026-03-20 12:07:53,12,2026-03-20,Friday,里里挑一(赶稿版),上海,0,0,13,8,0,1,0,0
69bca988000000001501223a,69ba9b4d000000002200fa2c,好看好看,好看好看,2026-03-20 01:57:28,1,2026-03-20,Friday,圣诞超人,江苏,0,0,4,4,0,1,0,0
69bbef2c00000000190033e4,69ba9b4d000000002200fa2c,西西你是一只耙耙柑[色色R],西西你是一只耙耙柑,2026-03-19 12:42:21,12,2026-03-19,Thursday,咕咕牧枭,广西,0,0,14,9,0,1,0,0
69bbd9fd000000000103f565,69ba9b4d000000002200fa2c,美萌,美萌,2026-03-19 11:11:57,11,2026-03-19,Thursday,冷冷热热热,陕西,0,0,2,2,0,1,0,0
69bba2ac0000000001007087,69ba9b4d000000002200fa2c,米死了[色色R][色色R][色色R][色色R][色色R][色色R][色色R][色色R][色色R][色色R],米死了,2026-03-19 07:15:56,7,2026-03-19,Thursday,星拂拂,广东,0,0,53,3,0,1,0,0
69bb8ef1000000000d01206b,69ba9b4d000000002200fa2c,好美的光影！适配度满分💯,好美的光影！适配度满分💯,2026-03-19 05:51:46,5,2026-03-19,Thursday,禾采,广东,0,0,12,12,0,1,0,0
69bb8d15000000000f02d643,69ba9b4d000000002200fa2c,太萌了！！耙耙柑万岁！！,太萌了！！耙耙柑万岁！！,2026-03-19 05:43:50,5,2026-03-19,Thursday,蓝白,四川,0,0,12,12,0,1,0,0
69bb7e31000000000100451b,69ba9b4d000000002200fa2c,,,2026-03-19 04:40:18,4,2026-03-19,Thursday,先走为上（在隔壁当水电工）,广东,0,0,0,0,1,1,1,0
69bb7e590000000015011eb2,69ba9b4d000000002200fa2c,太美了太萌了…,太美了太萌了…,2026-03-19 04:40:58,4,2026-03-19,Thursday,晚泊舟,浙江,0,0,7,7,0,1,1,0
